employee_id,project_id,start_date,end_date
0,325,2021-11-09,2021-12-16
1,161,2020-10-28,2020-11-28
2,183,2021-06-20,2021-12-25
3,126,2021-11-23,2021-12-31
4,398,2021-07-23,2021-09-19
5,375,2020-07-02,2021-04-06
6,232,2021-09-27,2021-12-22
6,248,2018-08-20,2020-10-12
7,36,2021-08-29,2021-10-22
8,128,2018-12-09,2019-05-05
9,280,2021-12-11,2021-12-30
10,226,2019-02-18,2021-05-25
10,29,2021-01-24,2021-12-04
11,342,2018-06-29,2019-10-23
12,112,2021-04-05,2021-05-03
13,205,2020-05-18,2021-05-19
14,359,2021-05-10,2021-06-18
15,26,2019-11-13,2021-09-17
15,264,2019-07-19,2020-05-31
15,288,2021-07-22,2021-10-22
16,245,2021-02-21,2021-09-11
17,406,2020-11-17,2021-01-04
18,66,2021-01-19,2021-01-24
19,121,2017-12-01,2020-12-23
20,376,2021-08-10,2021-10-26
20,380,2021-01-20,2021-12-06
21,420,2017-06-01,2021-08-12
22,233,2019-03-01,2020-03-13
22,19,2019-02-04,2019-05-12
23,59,2017-09-30,2019-08-19
24,221,2019-08-25,2020-04-02
24,433,2021-06-05,2021-07-10
25,21,2016-11-12,2019-08-03
26,383,2020-06-23,2021-07-08
27,127,2021-08-19,2021-10-16
28,147,2020-10-26,2021-06-09
29,48,2017-05-30,2020-03-28
30,326,2021-10-18,2021-12-09
31,454,2020-05-22,2021-09-02
32,460,2020-12-22,2021-08-07
33,93,2018-12-19,2020-11-09
34,25,2019-12-27,2021-04-03
35,461,2021-12-30,2021-12-31
36,160,2019-03-08,2021-08-18
37,298,2020-08-30,2021-04-12
38,298,2021-01-02,2021-03-16
39,460,2018-11-30,2019-01-20
40,214,2019-04-27,2021-05-06
41,84,2019-07-18,2019-12-04
42,218,2021-12-30,2021-12-30
42,186,2020-11-14,2020-12-14
43,491,2018-11-29,2021-11-19
44,363,2021-02-15,2021-11-07
45,142,2021-01-05,2021-11-26
46,164,2021-05-26,2021-12-15
47,32,2019-03-29,2021-06-16
48,195,2021-08-17,2021-09-27
49,151,2021-03-05,2021-10-16
50,355,2019-05-05,2021-04-03
51,98,2021-06-05,2021-10-21
52,480,2020-02-23,2020-10-31
53,365,2021-08-29,2021-09-20
54,170,2019-11-02,2021-04-05
55,191,2019-03-17,2020-03-28
56,0,2018-07-23,2021-09-01
57,314,2020-05-10,2020-08-08
58,89,2020-02-08,2020-11-22
59,270,2020-04-18,2021-01-01
60,464,2021-08-04,2021-08-16
61,125,2018-12-03,2019-07-18
62,154,2020-04-26,2020-05-31
62,90,2021-10-30,2021-12-30
63,52,2021-11-12,2021-11-19
64,315,2017-12-21,2018-07-02
65,158,2021-12-22,2021-12-24
66,433,2021-10-05,2021-12-24
67,467,2021-03-14,2021-04-29
68,19,2021-03-10,2021-04-14
69,186,2021-10-15,2021-10-26
70,192,2019-05-26,2021-12-21
71,41,2020-03-14,2020-08-12
72,58,2021-12-02,2021-12-10
73,162,2017-05-26,2021-06-22
74,390,2020-08-02,2020-09-18
75,71,2021-11-25,2021-11-26
76,465,2021-04-15,2021-12-12
77,139,2018-05-31,2021-12-19
78,192,2021-10-19,2021-10-25
79,118,2018-03-28,2018-07-17
79,287,2021-11-10,2021-12-09
80,87,2021-07-19,2021-10-11
81,167,2019-07-07,2019-10-09
81,313,2020-11-20,2021-11-17
82,385,2020-07-17,2021-10-23
83,119,2018-06-20,2021-06-10
84,460,2021-05-28,2021-08-13
85,138,2020-09-26,2021-07-01
86,194,2021-10-29,2021-12-13
86,250,2021-02-20,2021-04-26
87,441,2021-12-27,2021-12-28
88,165,2021-12-18,2021-12-19
88,332,2021-03-17,2021-12-04
89,457,2018-05-08,2021-12-11
90,118,2021-10-12,2021-11-14
90,11,2021-11-17,2021-11-29
90,261,2021-10-08,2021-12-04
91,183,2021-03-26,2021-12-09
92,93,2018-07-01,2018-07-21
93,454,2021-07-12,2021-11-21
94,485,2020-05-14,2021-07-30
95,345,2021-09-05,2021-11-04
96,13,2020-11-18,2021-08-22
97,99,2019-10-19,2020-11-11
98,90,2018-07-28,2020-12-14
99,209,2017-04-24,2021-03-16
100,406,2020-09-07,2021-05-25
101,392,2021-10-30,2021-11-03
102,429,2019-10-28,2020-05-24
103,25,2021-06-26,2021-11-20
104,369,2021-12-19,2021-12-27
105,430,2021-04-24,2021-08-13
105,241,2021-11-07,2021-12-11
106,194,2021-02-17,2021-10-21
106,279,2021-09-10,2021-10-05
106,209,2021-05-25,2021-09-22
107,439,2021-11-21,2021-12-27
108,220,2020-07-05,2021-11-22
109,307,2017-02-13,2017-02-17
109,397,2021-06-29,2021-08-05
110,464,2020-04-15,2020-08-17
111,111,2021-06-17,2021-09-11
112,100,2021-08-22,2021-11-17
113,401,2019-10-22,2021-07-26
114,440,2019-05-27,2021-02-09
114,210,2021-09-05,2021-11-25
115,73,2021-12-27,2021-12-31
116,379,2019-10-08,2020-06-21
117,26,2021-07-09,2021-07-21
117,12,2020-09-23,2021-01-23
117,448,2021-07-11,2021-10-21
118,8,2021-03-23,2021-10-27
119,65,2021-08-01,2021-12-25
120,106,2016-05-09,2016-09-06
121,459,2020-10-11,2021-06-21
122,151,2019-12-06,2021-09-16
123,386,2021-07-02,2021-07-11
124,284,2021-08-23,2021-11-11
125,499,2017-11-19,2020-03-20
126,97,2018-01-24,2021-08-16
127,95,2017-10-15,2021-12-25
128,131,2018-10-03,2020-06-18
129,368,2021-02-01,2021-06-03
130,263,2018-03-10,2019-02-04
131,100,2019-02-07,2019-02-10
132,446,2021-11-01,2021-12-30
133,490,2017-08-23,2019-04-06
133,315,2017-10-28,2020-05-30
134,307,2021-11-01,2021-11-20
134,32,2018-11-19,2020-01-27
135,394,2021-09-19,2021-10-24
136,291,2018-05-07,2020-05-14
136,84,2021-07-21,2021-10-06
137,351,2021-05-21,2021-06-21
138,172,2017-02-18,2019-06-21
139,474,2021-12-29,2021-12-30
139,237,2021-07-05,2021-12-05
140,173,2017-10-20,2021-06-19
141,64,2018-10-07,2019-05-02
142,65,2021-02-16,2021-09-06
143,403,2021-01-21,2021-03-06
144,468,2020-02-25,2020-09-28
145,352,2021-05-19,2021-06-04
145,267,2021-05-27,2021-08-14
145,378,2021-08-20,2021-12-06
145,84,2021-09-11,2021-11-21
146,134,2020-11-20,2020-12-22
147,206,2021-02-21,2021-11-24
148,121,2021-08-10,2021-12-12
149,416,2021-02-12,2021-07-06
150,366,2021-02-08,2021-04-18
151,399,2020-10-16,2021-08-03
152,185,2021-11-25,2021-12-09
152,435,2016-12-24,2018-02-27
153,450,2018-01-04,2019-03-01
154,103,2021-12-20,2021-12-24
155,287,2019-05-05,2019-09-27
156,161,2021-05-10,2021-05-23
157,354,2018-02-27,2019-04-21
158,328,2020-05-14,2020-09-07
159,410,2021-07-17,2021-09-11
160,471,2020-08-03,2021-06-05
161,176,2021-10-09,2021-10-21
162,481,2019-04-20,2019-10-15
163,108,2020-09-21,2021-03-26
164,127,2021-08-21,2021-10-19
165,168,2020-05-21,2021-07-01
166,39,2021-08-17,2021-08-30
167,83,2021-11-15,2021-12-04
168,34,2021-11-30,2021-12-15
169,378,2018-12-16,2020-09-20
169,227,2017-05-03,2018-03-07
170,247,2021-12-23,2021-12-28
171,156,2021-08-28,2021-11-01
172,86,2021-07-26,2021-12-27
173,496,2019-03-01,2019-09-10
174,297,2020-12-13,2021-01-27
175,192,2021-12-12,2021-12-22
176,29,2017-11-03,2019-02-14
177,487,2019-05-30,2020-01-26
178,310,2021-10-24,2021-11-09
178,408,2020-07-26,2021-10-07
179,237,2021-06-30,2021-12-03
180,219,2021-07-24,2021-08-09
181,182,2019-08-09,2019-12-18
182,159,2021-03-01,2021-12-17
183,6,2021-05-15,2021-06-07
184,363,2021-10-28,2021-10-28
185,98,2019-06-13,2021-02-13
186,474,2021-09-19,2021-12-28
186,456,2020-08-01,2021-07-15
186,53,2021-06-06,2021-08-29
187,151,2021-09-28,2021-10-06
188,326,2021-05-09,2021-08-02
189,366,2018-06-01,2020-11-26
190,119,2020-07-05,2021-06-04
191,108,2018-12-12,2020-06-20
192,442,2020-03-07,2020-04-25
193,29,2021-09-27,2021-12-19
194,77,2021-11-16,2021-11-17
195,286,2021-11-21,2021-12-12
196,380,2018-01-03,2018-07-06
197,389,2021-09-15,2021-12-01
198,415,2019-10-04,2020-08-20
199,205,2021-03-18,2021-04-03
200,267,2020-06-11,2021-10-08
200,22,2020-02-24,2020-05-15
201,197,2021-07-21,2021-10-18
202,285,2021-10-04,2021-11-08
203,173,2020-09-16,2021-01-11
204,81,2020-08-25,2021-12-01
205,114,2021-10-17,2021-10-31
206,301,2021-10-31,2021-12-09
207,277,2020-10-31,2021-12-09
208,60,2021-04-23,2021-08-26
209,404,2021-08-16,2021-11-20
210,370,2018-06-13,2020-10-03
211,192,2020-10-15,2021-04-02
212,176,2018-02-27,2019-08-09
213,298,2020-06-22,2021-02-26
214,23,2019-01-14,2021-04-08
215,186,2021-03-28,2021-07-05
216,269,2018-10-01,2020-05-11
217,383,2021-02-12,2021-06-06
218,480,2020-11-16,2021-01-06
219,392,2016-10-16,2021-03-08
220,263,2019-03-09,2019-06-20
221,236,2019-12-16,2020-03-26
222,218,2020-05-20,2021-01-08
222,340,2020-04-30,2021-12-10
222,474,2021-04-02,2021-08-08
222,55,2020-08-21,2020-12-14
223,104,2021-07-10,2021-09-20
223,249,2021-09-17,2021-11-30
224,457,2021-09-28,2021-11-15
225,37,2019-12-14,2021-03-03
226,3,2018-11-20,2021-10-09
227,276,2021-01-15,2021-11-05
228,274,2021-06-15,2021-11-27
229,63,2018-02-25,2019-05-20
230,423,2021-10-15,2021-12-12
231,232,2019-07-30,2021-08-17
231,364,2021-05-24,2021-10-21
231,322,2020-05-19,2021-08-17
231,198,2018-10-16,2018-11-16
231,346,2020-08-04,2020-08-04
232,281,2021-11-21,2021-11-29
233,274,2019-01-17,2021-03-14
234,202,2020-10-24,2021-07-09
235,348,2021-07-06,2021-10-09
236,24,2021-10-14,2021-11-12
237,40,2021-08-12,2021-10-30
238,300,2019-10-04,2021-05-22
238,229,2018-05-22,2019-01-31
239,426,2021-09-05,2021-09-29
240,123,2018-01-16,2019-04-06
241,0,2020-09-10,2020-10-23
242,288,2018-10-31,2020-11-16
243,201,2020-04-15,2020-08-02
244,153,2021-10-30,2021-12-27
245,365,2020-02-23,2021-07-30
246,321,2021-06-20,2021-08-17
247,117,2021-12-30,2021-12-31
248,218,2019-12-17,2020-01-13
248,41,2021-08-31,2021-11-29
249,452,2021-03-03,2021-08-28
250,336,2019-01-06,2019-06-12
251,317,2021-05-01,2021-06-28
252,449,2018-01-10,2018-03-01
253,229,2018-10-26,2021-06-30
254,359,2021-06-09,2021-07-19
255,375,2021-09-30,2021-12-02
256,238,2019-10-20,2020-08-17
257,431,2019-10-26,2021-11-25
258,468,2020-10-17,2020-12-02
259,286,2021-07-09,2021-11-22
260,297,2021-10-04,2021-12-02
261,63,2019-11-27,2021-04-15
262,16,2019-09-29,2021-01-01
263,248,2018-03-09,2019-11-01
264,354,2018-09-28,2021-11-29
265,316,2018-04-02,2020-06-16
266,113,2021-06-04,2021-06-18
267,258,2019-06-26,2021-05-16
268,6,2020-08-20,2021-01-14
269,285,2020-07-12,2021-04-14
270,417,2021-01-11,2021-01-28
271,160,2018-09-17,2020-10-11
272,235,2018-06-05,2018-07-16
273,60,2021-11-13,2021-12-03
274,325,2021-08-29,2021-09-16
275,413,2021-06-30,2021-12-06
275,139,2021-12-15,2021-12-30
276,461,2021-12-14,2021-12-30
277,351,2020-01-14,2020-12-05
278,257,2021-12-02,2021-12-16
279,188,2017-09-07,2018-12-03
280,132,2020-11-19,2021-10-12
281,128,2020-04-20,2020-07-10
282,91,2019-07-14,2019-10-19
283,187,2019-11-29,2020-10-16
284,5,2020-02-25,2021-09-17
285,243,2021-07-31,2021-12-31
286,325,2020-04-07,2021-03-07
287,329,2020-12-25,2021-06-04
288,270,2017-03-01,2021-05-21
289,269,2021-08-03,2021-12-21
290,186,2021-12-09,2021-12-10
291,426,2019-04-10,2019-07-28
292,157,2021-07-27,2021-10-04
293,250,2021-02-03,2021-02-14
294,86,2021-12-28,2021-12-30
295,369,2019-07-30,2019-08-14
296,313,2019-09-11,2021-04-01
297,326,2017-04-08,2018-06-27
298,454,2021-12-28,2021-12-28
299,267,2019-04-12,2019-10-20
299,188,2021-08-02,2021-08-03
300,330,2021-04-18,2021-09-08
301,99,2016-07-10,2021-09-01
302,108,2019-11-14,2020-06-21
303,132,2021-08-30,2021-11-26
304,26,2017-04-11,2021-05-01
304,248,2019-04-02,2020-05-07
305,264,2021-02-13,2021-02-23
305,320,2021-03-15,2021-08-02
306,430,2021-05-17,2021-11-16
306,102,2021-04-14,2021-08-07
306,47,2021-11-02,2021-12-03
307,64,2018-01-21,2020-07-30
308,160,2020-12-09,2021-01-17
309,468,2021-03-20,2021-10-31
310,156,2019-09-21,2020-05-20
311,214,2021-07-30,2021-08-27
312,87,2018-12-11,2019-11-22
313,468,2019-09-02,2021-10-30
314,411,2019-10-14,2020-10-15
315,446,2021-10-20,2021-11-17
316,425,2021-10-26,2021-12-05
317,317,2017-01-25,2018-03-11
318,270,2017-08-17,2020-12-22
319,388,2019-02-18,2019-06-11
320,202,2021-09-01,2021-11-21
321,409,2020-09-18,2021-11-19
322,163,2020-12-01,2021-03-21
323,204,2021-01-26,2021-07-08
323,186,2019-10-28,2021-04-30
324,320,2020-10-03,2021-04-13
325,76,2021-01-30,2021-10-02
326,34,2019-04-28,2021-07-28
327,326,2020-10-16,2021-08-04
328,68,2019-07-11,2019-07-24
329,229,2021-07-08,2021-11-26
330,305,2021-01-09,2021-06-29
331,279,2018-02-09,2019-09-09
331,89,2018-11-14,2020-11-14
332,83,2020-12-24,2021-12-28
333,438,2021-07-04,2021-12-05
333,272,2021-06-04,2021-09-19
334,285,2019-12-02,2021-02-07
335,245,2020-04-28,2021-10-14
336,183,2019-07-30,2021-06-22
337,442,2021-07-25,2021-08-29
338,250,2021-01-06,2021-06-22
339,133,2018-11-02,2019-11-22
340,401,2021-12-26,2021-12-28
341,322,2019-09-10,2021-11-30
341,384,2018-01-03,2019-07-09
342,296,2021-10-26,2021-12-26
343,104,2021-12-09,2021-12-11
343,479,2021-11-09,2021-11-28
344,407,2020-11-14,2020-11-15
345,345,2020-12-16,2021-08-13
346,185,2020-01-31,2020-02-06
346,94,2018-01-05,2019-04-13
346,109,2017-02-15,2019-09-08
346,92,2020-10-15,2021-02-13
347,39,2020-07-15,2021-07-16
348,382,2019-04-07,2021-05-19
349,29,2018-02-18,2020-06-11
350,354,2020-10-13,2021-05-18
351,89,2019-11-19,2020-02-20
352,461,2020-12-29,2021-12-07
353,411,2019-08-01,2019-08-01
354,290,2021-11-14,2021-12-03
355,87,2021-11-12,2021-12-20
356,284,2020-02-08,2020-04-27
357,231,2020-03-09,2020-12-08
358,450,2021-05-19,2021-08-03
359,230,2020-11-15,2021-01-20
360,358,2016-10-30,2017-06-05
361,94,2021-06-13,2021-10-09
361,375,2021-09-27,2021-10-30
362,305,2020-02-23,2021-04-09
363,262,2021-12-19,2021-12-25
364,336,2021-12-20,2021-12-21
365,155,2021-01-20,2021-06-30
366,169,2021-12-30,2021-12-30
367,397,2018-08-22,2020-11-06
368,290,2020-05-11,2021-07-30
369,279,2020-09-20,2021-03-02
369,221,2020-10-03,2020-12-23
369,144,2020-03-30,2021-08-04
370,190,2020-06-26,2021-05-05
371,250,2019-01-08,2020-04-06
372,216,2021-03-15,2021-08-06
372,30,2018-08-12,2019-04-12
373,248,2017-03-11,2018-03-20
374,405,2020-07-10,2021-05-17
375,361,2021-11-16,2021-11-22
376,252,2021-01-31,2021-10-17
377,215,2020-01-13,2020-10-14
378,53,2021-10-03,2021-11-17
379,96,2020-12-25,2021-03-19
380,240,2020-02-13,2021-02-26
380,239,2021-01-17,2021-07-30
381,309,2020-05-19,2021-06-05
382,203,2019-10-14,2021-09-02
383,495,2020-07-26,2020-11-13
384,408,2021-07-03,2021-07-13
385,184,2018-12-13,2019-01-21
386,406,2019-05-27,2021-05-28
387,359,2020-12-19,2021-11-29
388,231,2019-02-04,2021-05-02
389,137,2021-09-08,2021-09-23
389,294,2021-11-11,2021-11-11
390,283,2021-02-11,2021-02-26
391,463,2018-12-08,2021-07-29
391,343,2018-06-16,2019-08-09
392,493,2021-12-01,2021-12-15
393,51,2019-01-11,2019-08-17
394,427,2021-04-04,2021-07-24
395,477,2021-07-11,2021-07-31
396,246,2019-10-12,2021-09-26
397,15,2021-08-26,2021-10-29
397,11,2020-12-11,2021-02-14
397,155,2020-10-30,2021-09-22
398,488,2021-08-08,2021-12-19
399,38,2021-09-11,2021-10-09
400,177,2020-10-16,2021-02-07
401,473,2021-01-28,2021-05-30
402,189,2017-03-31,2019-01-08
403,357,2018-10-22,2020-09-10
403,171,2020-03-09,2021-11-12
404,468,2019-07-20,2021-05-13
405,418,2021-07-19,2021-10-02
406,242,2021-10-17,2021-11-05
406,20,2021-11-29,2021-12-08
407,367,2021-07-19,2021-12-03
407,418,2020-05-28,2021-03-25
408,382,2021-02-20,2021-05-21
409,461,2020-06-25,2020-08-29
410,70,2021-03-21,2021-08-09
411,422,2020-02-01,2021-08-31
412,96,2018-05-15,2019-05-12
413,261,2020-08-09,2021-03-28
414,253,2021-06-02,2021-07-05
415,20,2021-05-13,2021-11-27
416,100,2019-02-14,2020-08-15
417,265,2020-12-23,2021-06-18
418,30,2019-03-13,2021-11-18
419,450,2021-12-09,2021-12-21
420,242,2021-12-22,2021-12-29
420,280,2020-12-19,2021-12-15
421,322,2020-02-19,2021-05-15
421,266,2020-05-04,2021-05-19
422,113,2019-12-02,2021-05-31
423,65,2020-03-12,2020-08-26
424,192,2020-02-04,2020-08-28
425,168,2017-10-27,2018-01-03
426,167,2017-08-07,2018-12-25
426,144,2020-02-16,2020-02-19
427,157,2019-10-01,2019-10-12
428,438,2021-02-24,2021-03-20
428,299,2021-11-02,2021-12-13
429,128,2021-12-18,2021-12-23
430,372,2021-12-23,2021-12-30
431,250,2021-01-16,2021-08-20
432,432,2020-02-13,2021-01-30
433,278,2021-04-05,2021-08-14
433,312,2021-09-14,2021-10-03
434,391,2021-12-17,2021-12-19
435,94,2021-07-25,2021-09-25
435,79,2021-10-18,2021-12-01
436,215,2020-12-22,2021-03-31
437,352,2020-02-21,2021-04-01
437,146,2020-03-04,2020-07-29
438,36,2019-04-30,2019-09-01
439,44,2019-01-17,2021-04-10
440,443,2020-02-02,2020-06-26
441,378,2020-03-26,2020-10-07
441,320,2020-08-28,2021-04-27
442,88,2020-12-29,2021-04-06
443,467,2021-06-29,2021-09-03
444,422,2018-07-23,2018-09-30
445,24,2019-07-08,2021-11-11
446,302,2017-08-17,2017-09-14
447,151,2021-03-31,2021-10-09
448,132,2020-08-14,2020-09-19
449,65,2021-11-08,2021-12-25
450,32,2020-04-13,2021-03-20
451,195,2020-01-23,2020-03-29
452,415,2021-02-05,2021-05-09
453,5,2019-03-26,2019-11-19
454,199,2020-10-15,2021-03-29
455,350,2021-08-18,2021-12-14
456,92,2020-02-28,2021-11-24
457,401,2021-04-02,2021-11-05
458,499,2021-12-23,2021-12-27
459,200,2018-11-05,2019-08-12
459,19,2019-09-27,2021-10-27
460,194,2021-07-14,2021-08-07
460,442,2021-08-06,2021-10-13
461,414,2020-03-29,2021-03-01
462,80,2017-03-15,2021-12-09
463,187,2021-11-09,2021-12-06
464,377,2021-09-16,2021-10-25
465,220,2021-03-15,2021-07-08
466,112,2020-03-01,2021-04-04
467,12,2021-09-08,2021-12-06
467,36,2021-02-07,2021-10-11
468,81,2020-05-06,2020-12-03
469,352,2020-06-17,2020-06-29
469,268,2019-12-24,2021-04-14
469,290,2019-11-23,2020-04-05
470,297,2020-02-02,2020-08-13
471,33,2020-03-30,2020-11-06
472,381,2021-12-15,2021-12-15
473,440,2021-11-22,2021-12-17
473,472,2021-06-09,2021-06-28
474,447,2018-08-12,2020-03-31
474,284,2020-11-02,2021-06-01
475,266,2021-08-10,2021-12-31
476,304,2021-11-30,2021-12-17
477,24,2018-10-24,2021-09-06
478,54,2021-11-03,2021-12-26
479,360,2021-10-28,2021-11-24
480,435,2020-12-29,2021-10-12
481,285,2021-11-28,2021-12-09
482,41,2019-02-24,2021-05-08
483,151,2021-09-29,2021-12-03
484,356,2020-05-08,2020-11-05
485,293,2021-06-08,2021-12-11
486,110,2021-03-14,2021-10-26
487,105,2019-12-30,2020-04-14
487,292,2019-05-02,2021-09-07
488,407,2021-11-09,2021-12-10
489,113,2021-01-13,2021-08-28
490,209,2021-07-02,2021-07-06
491,27,2018-06-21,2020-02-25
492,493,2018-07-23,2019-04-23
493,401,2021-10-04,2021-10-11
494,302,2019-08-15,2020-06-30
495,425,2021-11-14,2021-12-28
496,280,2021-08-15,2021-12-03
497,460,2019-06-16,2020-06-15
498,395,2017-02-20,2019-02-16
499,479,2021-12-12,2021-12-21
500,480,2021-09-11,2021-10-06
501,335,2021-12-28,2021-12-28
502,455,2021-03-08,2021-03-18
502,120,2020-10-20,2021-07-25
503,63,2019-11-12,2021-10-19
504,202,2021-01-12,2021-01-16
505,440,2019-02-27,2021-07-08
505,267,2018-09-03,2021-06-25
505,136,2021-06-29,2021-12-03
505,374,2021-05-18,2021-12-16
506,141,2020-11-13,2021-01-13
507,135,2018-11-24,2019-06-25
508,265,2021-03-26,2021-12-24
509,18,2018-01-15,2021-07-14
510,332,2018-11-16,2020-02-12
511,496,2019-08-15,2019-11-14
512,120,2018-04-22,2018-06-20
513,495,2020-12-11,2021-09-19
514,146,2020-04-13,2021-01-04
515,319,2021-08-22,2021-12-29
516,125,2021-11-20,2021-12-22
517,156,2021-03-27,2021-07-06
518,224,2020-04-30,2021-10-03
519,231,2018-10-10,2020-01-26
520,408,2021-08-24,2021-11-01
521,61,2021-12-17,2021-12-30
522,268,2016-08-19,2021-12-29
522,487,2017-06-04,2020-06-06
523,34,2016-03-31,2020-06-03
524,137,2017-03-09,2017-05-24
524,432,2018-09-20,2018-11-28
525,121,2016-04-19,2018-03-21
526,182,2020-11-15,2021-01-05
527,84,2021-12-06,2021-12-09
528,191,2020-10-07,2021-08-31
529,265,2020-05-20,2020-11-04
530,313,2021-08-19,2021-11-11
531,373,2020-04-26,2021-01-29
532,402,2019-12-03,2020-04-18
533,331,2020-10-16,2021-08-29
534,382,2020-04-27,2020-05-04
535,391,2019-07-02,2020-08-14
536,130,2021-12-27,2021-12-30
537,455,2021-11-12,2021-12-26
537,293,2016-05-19,2021-03-08
538,50,2019-04-10,2021-01-04
539,435,2019-11-27,2020-04-08
540,465,2019-02-11,2021-03-29
541,70,2021-08-22,2021-12-20
542,175,2021-12-19,2021-12-22
543,434,2020-07-18,2021-03-31
544,142,2018-06-22,2021-12-29
545,290,2021-05-16,2021-08-19
546,171,2020-03-21,2021-12-07
547,104,2019-12-27,2021-07-25
547,497,2021-08-28,2021-09-29
548,370,2021-12-29,2021-12-29
549,29,2020-04-13,2021-07-21
550,31,2019-10-13,2021-09-22
551,267,2020-11-09,2020-12-10
551,483,2021-01-28,2021-06-09
552,428,2020-08-16,2020-09-06
552,360,2021-09-08,2021-09-15
553,181,2021-08-08,2021-08-25
554,214,2021-04-14,2021-08-05
555,118,2021-05-31,2021-07-28
555,121,2020-12-16,2021-03-17
556,376,2020-09-30,2021-07-03
556,126,2017-10-24,2020-12-09
557,242,2021-12-13,2021-12-22
557,270,2021-11-02,2021-11-28
558,376,2021-05-04,2021-11-11
558,373,2021-12-10,2021-12-19
559,138,2020-01-04,2020-09-01
560,24,2020-11-11,2021-06-22
561,123,2021-11-30,2021-12-22
562,165,2020-12-19,2021-10-15
562,266,2021-06-13,2021-06-27
563,219,2019-11-21,2020-09-22
564,234,2018-05-22,2020-02-08
564,36,2020-04-25,2021-05-15
565,272,2018-02-15,2018-03-19
566,439,2021-07-08,2021-11-28
567,243,2017-05-27,2019-07-24
568,48,2021-09-13,2021-11-08
569,189,2020-09-17,2021-02-24
570,44,2021-12-31,2021-12-31
571,341,2021-07-10,2021-12-19
572,300,2019-10-03,2020-08-22
572,108,2019-03-08,2021-08-03
573,191,2018-12-13,2019-12-24
574,161,2020-10-25,2021-12-12
575,194,2020-07-19,2020-11-22
575,232,2018-11-05,2020-04-01
575,237,2017-08-15,2018-01-21
576,5,2021-12-07,2021-12-14
577,220,2020-12-23,2021-05-13
578,225,2019-02-16,2021-10-15
579,141,2018-07-04,2019-11-17
580,219,2021-02-25,2021-12-26
581,76,2021-02-22,2021-10-13
582,12,2021-06-26,2021-07-29
582,144,2020-07-27,2020-11-13
583,152,2020-11-23,2020-12-26
584,23,2020-06-26,2020-10-01
585,457,2021-09-16,2021-09-17
586,183,2021-02-05,2021-08-10
587,431,2021-03-04,2021-12-19
588,108,2019-02-09,2019-05-29
589,47,2021-07-12,2021-10-02
590,29,2021-12-23,2021-12-25
591,69,2019-02-13,2019-05-22
591,341,2019-01-06,2021-06-24
592,317,2020-11-03,2021-11-29
593,84,2021-08-23,2021-12-06
594,470,2021-07-01,2021-09-13
594,480,2021-10-26,2021-12-07
595,99,2019-01-20,2020-05-17
596,305,2020-06-29,2020-07-09
597,100,2019-12-20,2021-08-15
598,208,2021-12-24,2021-12-27
599,454,2020-10-29,2021-12-20
600,395,2020-05-08,2021-01-28
601,119,2021-07-12,2021-11-26
602,498,2021-11-10,2021-11-23
603,201,2021-05-18,2021-05-20
604,213,2021-02-03,2021-04-04
605,271,2021-10-09,2021-12-16
606,11,2021-03-23,2021-08-19
606,318,2019-07-03,2021-06-23
607,200,2017-10-15,2020-03-05
607,32,2020-12-24,2021-08-28
608,69,2018-10-24,2018-11-17
608,107,2019-12-14,2021-01-27
609,411,2020-07-08,2021-12-18
610,443,2019-05-30,2020-11-30
611,63,2021-03-06,2021-03-13
612,419,2021-02-07,2021-11-19
612,194,2019-01-21,2021-06-26
612,200,2021-10-15,2021-11-07
612,444,2019-03-01,2019-12-13
613,422,2021-10-28,2021-12-07
614,280,2021-05-13,2021-12-21
615,290,2020-04-23,2020-10-23
616,380,2020-02-04,2021-12-05
617,344,2020-12-15,2021-11-27
617,300,2017-06-24,2019-01-29
617,179,2018-01-10,2019-11-25
618,383,2017-11-09,2021-10-20
619,22,2021-01-29,2021-10-02
620,35,2020-01-07,2020-08-05
621,221,2019-10-25,2021-09-03
621,490,2021-12-18,2021-12-26
621,335,2021-05-02,2021-09-06
622,80,2018-08-18,2019-12-07
623,262,2021-07-07,2021-10-10
624,437,2016-06-26,2018-08-13
625,45,2020-04-27,2021-12-10
626,426,2019-07-23,2021-03-14
627,278,2021-06-12,2021-11-10
627,278,2021-09-21,2021-09-28
627,310,2021-08-08,2021-11-06
627,20,2021-05-11,2021-12-17
628,331,2020-10-03,2021-12-15
629,332,2019-01-01,2020-05-24
630,38,2019-12-18,2020-10-22
631,15,2021-05-25,2021-12-13
631,490,2020-09-05,2020-10-07
631,418,2020-07-25,2021-10-07
632,299,2021-08-04,2021-10-13
633,395,2021-11-28,2021-12-01
634,418,2017-10-07,2020-10-25
635,28,2018-07-25,2021-06-01
636,388,2021-11-28,2021-12-20
637,96,2020-09-09,2021-05-11
638,32,2020-07-26,2021-03-27
639,379,2020-12-16,2021-12-02
640,436,2019-01-02,2021-09-15
641,245,2021-04-08,2021-09-12
642,40,2020-06-05,2021-09-10
643,194,2021-03-20,2021-08-23
643,430,2021-12-24,2021-12-27
643,185,2021-08-08,2021-08-19
643,203,2021-03-26,2021-05-13
644,451,2020-07-16,2021-07-24
645,362,2021-11-06,2021-11-10
646,154,2021-09-24,2021-10-02
646,128,2020-08-09,2020-12-26
647,200,2021-03-04,2021-10-17
647,387,2020-01-22,2020-03-24
647,498,2020-06-12,2021-01-04
648,352,2021-04-11,2021-07-21
648,447,2021-07-18,2021-12-01
648,290,2021-05-22,2021-08-30
649,326,2020-05-21,2021-05-10
650,304,2020-10-12,2021-09-25
651,263,2021-06-17,2021-08-15
652,2,2021-12-16,2021-12-31
653,40,2018-10-02,2021-06-24
654,289,2020-01-20,2020-02-15
655,443,2021-11-03,2021-12-03
656,332,2019-02-21,2019-12-17
657,441,2020-08-27,2021-12-14
658,382,2021-12-28,2021-12-30
659,389,2020-09-12,2021-01-13
660,157,2020-06-12,2021-11-02
661,101,2021-12-21,2021-12-26
662,334,2021-10-01,2021-10-06
663,360,2021-08-11,2021-08-27
664,460,2020-11-12,2021-08-05
665,400,2019-12-17,2021-09-08
666,123,2018-01-06,2018-06-16
667,60,2019-12-15,2021-03-30
668,310,2021-06-26,2021-10-14
668,276,2021-09-11,2021-11-15
669,188,2020-02-13,2021-03-16
670,140,2021-02-21,2021-10-26
670,261,2020-02-09,2020-05-24
671,222,2020-06-03,2020-06-20
671,422,2019-11-07,2020-05-19
672,22,2021-09-06,2021-11-10
673,346,2021-04-11,2021-06-25
674,454,2019-10-28,2021-07-31
675,167,2021-07-01,2021-07-13
675,345,2021-12-14,2021-12-21
676,371,2021-06-07,2021-11-05
677,91,2020-08-13,2021-11-22
678,264,2018-11-23,2020-05-31
678,350,2018-02-14,2019-11-10
679,100,2021-09-01,2021-11-25
680,86,2019-02-07,2021-09-02
681,37,2021-06-06,2021-10-04
682,32,2021-10-27,2021-12-06
683,41,2021-10-06,2021-10-08
684,59,2021-10-13,2021-12-29
685,0,2019-06-06,2020-03-27
686,5,2020-12-06,2021-01-24
687,294,2021-03-22,2021-04-28
688,46,2020-04-06,2020-04-26
689,452,2021-12-29,2021-12-29
690,398,2021-11-07,2021-12-16
691,123,2021-03-24,2021-12-17
692,49,2021-11-24,2021-11-24
693,149,2021-03-01,2021-08-25
694,167,2021-12-30,2021-12-31
694,333,2021-12-28,2021-12-31
695,416,2020-05-02,2020-07-03
696,278,2019-07-20,2021-10-29
696,91,2021-01-14,2021-11-17
697,462,2021-06-15,2021-06-25
697,285,2021-11-12,2021-11-21
698,429,2017-07-08,2020-05-09
699,69,2021-05-10,2021-06-17
699,481,2021-06-23,2021-12-27
700,253,2016-10-15,2018-02-06
701,8,2021-06-03,2021-09-22
702,359,2021-12-15,2021-12-15
703,426,2020-11-12,2021-08-01
704,320,2019-09-18,2020-05-03
705,69,2019-05-19,2020-02-14
705,353,2019-05-16,2020-05-26
706,231,2021-12-18,2021-12-25
707,165,2019-07-21,2021-08-09
707,383,2021-02-21,2021-03-10
708,51,2021-12-27,2021-12-28
709,482,2021-12-19,2021-12-25
710,230,2020-11-01,2021-03-13
711,106,2018-09-25,2020-03-24
712,18,2019-03-25,2019-12-04
713,328,2020-09-22,2021-09-16
714,451,2019-08-03,2021-12-28
715,450,2017-12-17,2019-08-09
716,130,2017-10-03,2018-06-11
717,452,2020-10-25,2020-10-29
718,166,2021-09-22,2021-12-06
719,33,2020-12-24,2021-10-31
720,239,2020-08-09,2020-12-02
721,315,2021-07-30,2021-08-03
722,447,2021-10-17,2021-12-05
722,122,2021-08-16,2021-08-23
723,85,2017-06-06,2018-05-19
724,481,2021-07-08,2021-11-03
725,277,2018-07-05,2021-10-26
726,229,2020-06-11,2021-11-16
727,174,2019-10-15,2019-11-25
728,43,2020-10-12,2021-09-15
729,302,2020-04-27,2021-10-12
730,16,2020-10-19,2021-04-29
731,191,2020-07-10,2021-04-18
732,17,2021-11-21,2021-12-01
733,128,2021-08-20,2021-11-05
734,414,2016-12-23,2018-01-30
735,287,2020-01-29,2021-04-12
736,197,2021-05-13,2021-06-19
737,479,2020-12-14,2021-11-26
738,233,2020-11-30,2021-06-08
738,448,2020-12-27,2021-05-24
739,8,2019-10-17,2021-06-21
740,48,2020-10-02,2021-10-10
741,286,2021-03-22,2021-11-02
742,157,2017-03-04,2019-04-27
743,407,2018-05-25,2020-08-20
744,26,2019-10-18,2019-11-20
744,69,2020-10-13,2021-10-16
744,397,2021-12-10,2021-12-15
745,104,2021-08-08,2021-08-15
745,211,2021-12-16,2021-12-23
746,415,2020-11-05,2021-01-26
747,335,2020-11-08,2020-12-15
748,119,2018-03-17,2021-03-29
749,43,2021-10-03,2021-10-05
750,397,2021-12-05,2021-12-25
751,35,2021-11-14,2021-12-26
752,451,2020-06-08,2021-05-10
753,130,2021-06-20,2021-12-15
754,222,2021-01-24,2021-07-22
754,420,2019-03-08,2019-11-26
755,152,2020-08-22,2021-08-25
756,84,2021-03-26,2021-05-26
757,482,2021-06-28,2021-12-23
758,159,2020-07-02,2021-07-28
759,74,2021-08-19,2021-10-29
760,408,2021-04-24,2021-06-18
761,337,2020-04-10,2021-11-26
762,351,2020-09-24,2021-10-31
763,99,2020-12-01,2021-05-01
764,337,2018-03-11,2018-12-10
765,17,2020-04-24,2020-12-09
766,343,2019-12-28,2021-05-03
767,268,2019-03-25,2020-06-19
767,246,2021-05-25,2021-11-08
768,469,2019-12-04,2021-05-16
769,187,2021-11-09,2021-12-05
770,13,2021-08-14,2021-09-23
771,229,2020-08-07,2020-11-19
772,12,2017-02-28,2018-02-05
772,4,2021-04-02,2021-08-18
773,379,2020-06-09,2020-07-03
774,458,2020-08-29,2021-11-19
775,166,2021-07-16,2021-10-14
776,33,2018-11-05,2021-07-29
777,237,2021-12-23,2021-12-23
778,162,2020-10-07,2021-12-04
779,299,2021-01-31,2021-03-25
780,278,2021-03-12,2021-05-10
780,407,2021-04-11,2021-06-13
781,243,2019-05-10,2019-06-25
782,159,2020-07-28,2020-11-10
783,179,2021-08-19,2021-10-27
784,311,2021-12-01,2021-12-14
785,205,2021-10-30,2021-12-01
786,164,2020-12-28,2021-02-12
787,329,2021-12-25,2021-12-29
788,62,2019-03-21,2019-11-21
788,461,2019-11-27,2021-03-28
789,104,2021-01-03,2021-05-11
789,327,2021-01-28,2021-10-24
789,448,2020-04-01,2021-01-18
790,295,2021-10-31,2021-11-29
791,295,2019-10-04,2021-05-14
792,42,2020-02-04,2020-12-03
793,360,2021-07-28,2021-11-04
794,210,2021-05-10,2021-10-16
795,189,2020-11-18,2021-02-01
796,447,2017-11-17,2018-07-04
796,401,2016-08-11,2021-07-28
797,132,2020-05-03,2021-09-07
798,24,2021-04-24,2021-06-04
799,335,2021-02-12,2021-12-11
800,300,2021-01-03,2021-10-01
800,418,2019-02-16,2021-08-29
801,370,2021-12-16,2021-12-30
802,430,2021-12-30,2021-12-30
802,414,2021-12-18,2021-12-22
803,366,2019-05-10,2019-09-19
804,485,2019-09-18,2019-10-04
805,448,2020-04-24,2021-01-30
806,396,2021-10-09,2021-12-18
806,405,2021-01-21,2021-05-24
807,281,2018-12-19,2021-11-03
808,244,2021-10-06,2021-11-10
809,415,2020-07-31,2021-02-13
810,354,2021-08-22,2021-11-24
811,113,2021-05-23,2021-07-23
812,61,2021-09-14,2021-12-30
813,399,2018-12-17,2021-02-13
814,278,2020-10-18,2020-11-07
814,346,2021-10-22,2021-11-07
815,447,2020-06-01,2021-04-14
815,465,2021-03-11,2021-11-22
816,350,2019-01-12,2020-11-22
817,306,2021-05-24,2021-10-28
817,308,2020-06-13,2020-06-29
818,33,2018-08-16,2020-04-10
819,112,2019-02-03,2020-12-19
820,111,2020-08-18,2020-09-28
821,316,2020-03-05,2021-11-18
822,55,2020-02-28,2021-07-12
823,458,2021-09-09,2021-11-12
824,267,2019-01-11,2021-03-08
824,167,2021-10-01,2021-11-14
824,224,2018-03-15,2020-03-29
825,253,2019-11-09,2020-12-30
826,83,2021-11-10,2021-12-27
827,409,2020-09-07,2021-07-10
828,280,2020-02-09,2020-09-02
829,148,2020-03-10,2020-09-04
830,139,2020-09-29,2021-07-08
831,109,2021-02-28,2021-06-25
831,95,2021-11-24,2021-12-23
832,227,2018-10-12,2020-09-20
833,467,2017-04-24,2017-11-22
834,224,2021-11-10,2021-12-18
835,75,2021-12-31,2021-12-31
836,46,2021-05-17,2021-06-21
837,62,2021-12-20,2021-12-25
837,473,2021-12-19,2021-12-21
838,99,2018-08-18,2019-03-25
839,271,2021-07-14,2021-12-18
840,351,2016-12-05,2018-02-08
841,267,2021-10-01,2021-12-23
841,205,2021-02-10,2021-12-26
842,461,2020-04-19,2021-07-18
843,257,2021-12-03,2021-12-12
844,317,2021-02-01,2021-02-13
845,128,2019-08-07,2021-12-21
846,42,2021-10-17,2021-12-03
847,453,2021-12-29,2021-12-29
848,422,2021-04-13,2021-11-16
849,382,2021-09-30,2021-12-23
850,48,2021-11-26,2021-11-30
851,80,2017-08-12,2019-09-01
852,407,2020-12-31,2021-07-12
853,371,2021-09-08,2021-11-07
854,434,2021-12-31,2021-12-31
855,102,2021-09-15,2021-12-20
855,236,2021-11-21,2021-12-15
856,486,2020-06-04,2020-08-14
857,462,2020-06-08,2021-01-30
857,58,2021-06-28,2021-09-18
858,450,2020-05-22,2021-12-16
859,161,2019-11-11,2021-06-25
860,44,2020-01-29,2020-07-26
861,150,2019-12-26,2021-12-21
862,261,2021-05-08,2021-11-10
863,195,2021-05-12,2021-09-28
864,221,2021-06-28,2021-09-10
864,390,2021-11-03,2021-11-15
865,428,2021-09-14,2021-10-07
865,250,2020-10-15,2021-07-17
866,109,2021-08-10,2021-11-09
866,345,2020-06-14,2021-11-05
867,353,2021-08-27,2021-12-27
868,65,2021-12-19,2021-12-29
869,427,2018-11-13,2020-05-24
870,44,2021-02-11,2021-12-05
871,164,2021-09-19,2021-11-12
872,14,2018-01-09,2020-01-24
872,447,2019-08-10,2020-02-13
872,291,2020-12-02,2021-03-31
872,262,2020-01-20,2020-07-27
873,59,2021-04-12,2021-08-21
874,14,2021-09-24,2021-11-07
874,19,2020-01-28,2021-07-10
875,182,2019-12-26,2020-10-22
876,122,2021-07-18,2021-10-25
877,349,2021-12-13,2021-12-26
878,25,2021-10-20,2021-11-10
879,125,2021-08-08,2021-11-13
880,376,2020-02-05,2021-02-17
880,383,2019-06-06,2020-10-06
881,445,2020-10-12,2020-10-13
882,40,2021-10-13,2021-11-27
883,308,2019-10-16,2021-06-19
884,247,2018-06-03,2021-11-29
885,440,2020-03-08,2020-04-14
885,276,2020-10-17,2020-11-17
886,264,2020-12-14,2021-01-19
886,201,2019-09-27,2020-08-03
887,33,2021-12-22,2021-12-24
888,248,2020-04-14,2020-09-01
889,155,2019-04-21,2019-06-03
890,173,2020-07-04,2020-08-06
891,355,2019-03-13,2020-10-27
892,125,2021-05-18,2021-05-19
893,251,2021-04-06,2021-05-21
894,144,2019-03-18,2019-07-22
895,135,2021-09-30,2021-11-14
896,20,2017-12-06,2021-07-14
897,78,2020-11-19,2021-12-28
898,37,2021-08-12,2021-10-31
899,341,2020-10-25,2021-12-16
900,250,2020-01-10,2021-12-29
901,217,2019-04-28,2020-04-14
902,43,2021-02-09,2021-07-07
903,327,2021-03-12,2021-03-12
903,325,2020-11-12,2021-04-24
904,267,2019-09-24,2019-11-26
904,60,2020-09-22,2021-04-19
905,497,2018-10-21,2021-04-13
906,431,2021-10-24,2021-12-31
907,426,2019-07-02,2020-12-07
908,227,2021-10-13,2021-12-14
909,326,2020-04-29,2021-08-04
910,75,2021-03-19,2021-04-23
911,376,2020-08-04,2020-10-23
911,242,2019-12-17,2020-07-15
911,266,2019-08-16,2020-03-23
912,265,2021-08-05,2021-12-10
913,275,2019-02-25,2020-10-05
914,344,2017-10-12,2020-03-20
914,117,2021-08-19,2021-10-20
915,120,2021-02-22,2021-08-04
916,95,2021-01-12,2021-07-25
917,196,2020-03-16,2021-05-24
918,244,2021-04-01,2021-12-26
919,92,2020-09-25,2020-12-30
920,338,2020-02-09,2021-01-21
921,394,2021-08-24,2021-09-27
922,60,2020-09-17,2021-11-16
923,79,2020-03-02,2020-06-10
924,310,2020-01-19,2020-08-03
924,14,2019-11-20,2020-01-20
924,164,2020-09-06,2021-10-03
925,339,2019-02-16,2020-02-13
926,276,2020-07-09,2021-01-17
927,484,2020-06-19,2021-06-27
928,61,2021-02-03,2021-02-12
929,59,2021-09-06,2021-09-07
930,330,2021-01-18,2021-11-10
931,300,2021-09-19,2021-12-14
931,104,2020-07-17,2021-06-15
931,230,2020-07-31,2021-02-12
932,305,2021-08-12,2021-11-12
933,220,2021-07-21,2021-09-03
934,65,2020-01-18,2020-08-25
935,114,2021-05-12,2021-11-16
936,313,2021-03-17,2021-05-13
937,128,2021-04-07,2021-12-28
938,382,2020-01-05,2020-05-29
939,234,2020-03-03,2021-04-09
939,279,2018-08-31,2018-11-30
939,261,2018-12-09,2020-05-24
940,168,2018-12-10,2020-05-12
941,402,2018-12-31,2020-12-27
942,238,2020-02-14,2021-07-24
943,340,2019-09-24,2021-06-24
943,110,2021-01-15,2021-03-30
944,10,2021-10-26,2021-12-02
945,491,2019-07-16,2020-12-23
946,388,2021-08-29,2021-10-31
947,16,2019-08-27,2021-11-10
948,458,2021-08-06,2021-12-22
949,473,2021-05-22,2021-11-06
950,459,2020-11-24,2021-12-12
951,56,2021-09-02,2021-12-21
952,272,2021-12-16,2021-12-30
953,137,2020-08-21,2020-09-15
953,127,2019-10-18,2021-11-13
954,103,2021-09-20,2021-11-20
955,388,2020-07-09,2020-12-08
956,481,2017-12-25,2018-03-02
957,179,2017-05-19,2018-07-09
958,433,2019-06-23,2021-05-11
959,297,2020-08-29,2020-11-21
960,118,2021-12-25,2021-12-31
960,149,2020-07-28,2021-12-11
961,335,2021-07-26,2021-09-19
962,317,2019-03-28,2021-05-02
963,247,2020-09-04,2021-01-08
964,449,2019-08-03,2021-12-15
965,280,2021-11-27,2021-12-31
966,453,2020-05-29,2021-03-28
967,139,2021-02-01,2021-10-16
968,370,2021-07-29,2021-10-27
969,256,2020-12-14,2021-02-08
970,413,2019-06-24,2019-12-17
970,143,2018-12-07,2020-08-10
971,381,2021-03-10,2021-12-09
972,361,2021-04-20,2021-09-09
973,443,2021-06-17,2021-06-25
974,397,2020-12-20,2021-03-10
975,369,2016-12-19,2020-06-22
976,104,2021-10-17,2021-12-11
976,292,2020-04-24,2021-06-18
977,459,2019-09-16,2019-09-22
978,357,2021-12-01,2021-12-07
978,111,2021-11-05,2021-12-22
979,348,2018-09-28,2020-05-10
980,100,2021-05-21,2021-12-15
981,225,2018-04-03,2018-08-02
982,71,2021-12-08,2021-12-31
983,263,2021-06-01,2021-06-06
984,130,2019-02-20,2020-12-02
985,271,2021-10-02,2021-12-14
986,168,2021-04-14,2021-08-13
987,205,2021-01-16,2021-11-01
988,283,2016-10-24,2018-11-05
989,361,2021-12-24,2021-12-24
990,472,2021-11-20,2021-12-07
991,201,2021-10-27,2021-12-11
992,29,2018-12-31,2019-06-20
993,410,2021-04-15,2021-08-01
994,134,2018-08-20,2020-04-05
995,300,2020-05-31,2021-12-31
995,145,2020-12-08,2021-08-28
996,60,2019-07-14,2020-08-26
997,396,2018-04-03,2018-06-10
997,291,2018-10-24,2020-02-26
997,389,2021-08-15,2021-08-27
998,489,2021-10-27,2021-12-12
999,19,2021-04-19,2021-08-21
1000,23,2020-09-21,2020-10-09
1001,27,2020-11-28,2021-10-31
1002,214,2021-09-10,2021-10-05
1003,73,2021-09-28,2021-12-22
1004,442,2017-12-16,2018-06-18
1005,393,2020-12-30,2021-04-05
1006,464,2018-08-27,2021-04-30
1007,277,2019-05-14,2020-06-27
1008,157,2020-10-09,2021-01-06
1009,435,2019-06-25,2020-09-20
1010,316,2021-10-19,2021-12-17
1011,59,2021-12-27,2021-12-28
1012,395,2018-01-04,2019-06-14
1013,389,2021-12-28,2021-12-31
1014,184,2020-07-13,2020-11-15
1015,387,2021-12-24,2021-12-24
1015,4,2021-11-08,2021-12-10
1016,37,2017-05-02,2020-04-04
1017,246,2018-04-19,2020-11-26
1018,108,2021-05-26,2021-11-04
1019,54,2021-11-17,2021-12-25
1020,263,2021-06-08,2021-09-13
1021,132,2021-03-26,2021-05-05
1022,210,2021-12-02,2021-12-05
1023,226,2021-10-14,2021-10-26
1023,65,2021-05-10,2021-05-23
1024,17,2021-12-29,2021-12-31
1025,325,2018-06-20,2019-12-11
1026,357,2018-05-28,2020-10-10
1026,218,2021-07-20,2021-12-04
1026,328,2018-12-01,2019-09-02
1027,174,2018-06-30,2020-03-10
1028,461,2021-03-13,2021-11-04
1029,469,2019-10-18,2021-04-11
1030,202,2019-11-30,2020-06-26
1031,124,2019-07-05,2021-11-01
1032,297,2021-12-05,2021-12-14
1033,360,2021-12-29,2021-12-30
1034,454,2021-02-20,2021-04-10
1035,221,2021-10-21,2021-12-14
1035,115,2021-08-29,2021-09-14
1036,323,2019-12-17,2020-08-12
1037,61,2018-12-06,2019-01-29
1038,236,2017-07-27,2017-09-08
1039,34,2020-12-11,2021-10-18
1040,490,2021-11-06,2021-11-22
1040,119,2021-11-21,2021-11-30
1041,93,2020-08-05,2021-10-09
1042,98,2020-01-11,2021-11-12
1043,229,2021-08-15,2021-09-01
1044,299,2020-12-27,2021-07-10
1045,223,2021-02-22,2021-07-30
1046,334,2020-09-02,2020-11-03
1047,303,2021-05-31,2021-11-26
1048,317,2020-08-11,2020-12-24
1049,434,2020-12-05,2021-06-10
1050,205,2021-09-03,2021-11-26
1051,181,2019-01-27,2019-03-16
1052,150,2017-11-30,2021-06-19
1053,297,2019-08-15,2020-10-06
1054,171,2020-01-15,2021-11-21
1055,268,2021-11-20,2021-12-05
1055,188,2021-11-15,2021-11-17
1056,7,2018-05-18,2021-12-27
1056,225,2020-08-27,2020-12-13
1057,272,2018-12-22,2021-07-06
1058,19,2018-06-12,2021-10-14
1059,324,2019-12-05,2020-10-25
1060,349,2019-09-06,2020-08-21
1061,395,2019-02-12,2020-06-11
1062,438,2021-12-08,2021-12-19
1062,232,2021-10-04,2021-12-11
1062,96,2021-01-24,2021-07-07
1063,139,2020-09-22,2021-01-31
1064,432,2021-12-24,2021-12-24
1065,428,2020-06-09,2021-12-09
1065,337,2021-06-27,2021-09-09
1066,105,2017-03-29,2019-04-08
1066,383,2017-09-01,2020-04-15
1067,44,2019-05-31,2020-03-09
1068,84,2021-04-23,2021-10-09
1069,269,2017-06-04,2020-07-03
1070,364,2021-11-15,2021-12-05
1070,219,2020-03-02,2021-04-15
1071,376,2019-06-17,2021-08-01
1071,308,2019-08-11,2020-10-01
1072,149,2021-07-11,2021-10-02
1073,162,2020-07-04,2021-12-27
1074,283,2021-12-24,2021-12-24
1075,490,2018-07-19,2021-07-24
1075,133,2021-08-14,2021-11-23
1076,245,2020-08-22,2021-01-26
1077,183,2019-10-30,2020-06-20
1078,230,2019-01-18,2020-04-29
1079,52,2020-02-03,2020-06-26
1080,434,2020-10-17,2021-04-29
1081,91,2021-11-05,2021-11-07
1082,282,2019-09-06,2020-09-01
1082,137,2021-12-24,2021-12-29
1082,393,2021-11-28,2021-12-05
1083,148,2020-12-15,2021-10-05
1084,234,2021-02-14,2021-04-05
1084,31,2021-10-22,2021-12-17
1085,176,2021-12-18,2021-12-22
1086,307,2021-04-19,2021-11-08
1086,440,2021-05-29,2021-06-06
1086,494,2021-10-01,2021-12-16
1087,366,2021-10-04,2021-10-23
1088,82,2018-02-02,2019-11-04
1089,82,2021-02-01,2021-06-28
1090,272,2021-12-18,2021-12-27
1091,188,2018-10-12,2020-05-31
1092,318,2021-08-20,2021-11-30
1093,449,2020-07-13,2020-10-01
1094,68,2018-07-24,2018-12-04
1095,497,2020-11-28,2020-12-07
1096,196,2017-03-13,2017-04-14
1097,426,2020-03-17,2021-10-17
1098,407,2020-07-21,2021-07-05
1099,243,2020-10-22,2021-09-07
1100,91,2020-09-22,2021-07-26
1101,351,2021-06-27,2021-11-15
1102,398,2017-06-09,2018-10-12
1103,453,2021-10-24,2021-11-16
1104,218,2021-10-18,2021-11-07
1104,372,2020-04-26,2021-12-08
1105,400,2019-08-20,2021-10-22
1106,301,2021-12-20,2021-12-28
1107,440,2020-02-04,2020-08-15
1107,258,2020-02-10,2021-08-14
1108,440,2018-05-23,2020-12-09
1108,442,2021-08-01,2021-09-26
1109,135,2021-03-20,2021-11-07
1110,324,2019-12-13,2020-09-10
1111,453,2021-09-01,2021-11-09
1112,388,2020-02-23,2021-11-28
1113,235,2019-12-28,2021-01-20
1114,407,2021-02-25,2021-11-19
1115,447,2021-03-29,2021-05-19
1115,271,2020-12-29,2021-07-03
1116,393,2021-04-08,2021-11-30
1117,347,2019-10-24,2021-04-03
1118,33,2020-11-01,2021-06-23
1119,393,2021-09-11,2021-10-08
1120,197,2021-11-13,2021-12-11
1121,37,2019-04-27,2020-10-20
1122,325,2021-06-22,2021-10-17
1123,144,2020-06-09,2021-04-12
1124,484,2020-07-02,2021-12-24
1125,326,2020-09-05,2021-04-24
1126,260,2021-09-15,2021-10-30
1127,258,2021-02-26,2021-08-12
1128,446,2020-08-29,2021-03-22
1129,133,2020-07-21,2020-11-28
1130,356,2020-07-03,2020-10-19
1131,419,2021-10-31,2021-12-21
1131,243,2021-10-23,2021-12-24
1132,240,2021-02-04,2021-06-16
1132,43,2020-03-04,2021-02-03
1133,424,2019-11-20,2020-11-08
1134,403,2021-01-04,2021-01-24
1135,448,2021-07-02,2021-11-20
1136,73,2021-10-16,2021-11-09
1137,231,2021-06-06,2021-07-02
1138,195,2018-02-08,2018-12-17
1139,288,2020-10-17,2021-01-05
1140,63,2018-10-30,2018-10-31
1141,93,2021-11-16,2021-12-28
1142,226,2019-04-07,2020-01-19
1142,295,2018-11-25,2021-09-17
1143,455,2021-10-22,2021-12-20
1143,417,2021-09-16,2021-09-17
1144,420,2021-12-01,2021-12-01
1145,248,2020-05-11,2021-08-25
1146,170,2020-02-06,2021-11-12
1147,91,2021-07-05,2021-12-11
1148,335,2021-02-01,2021-07-03
1149,129,2021-11-27,2021-12-21
1150,149,2019-11-14,2021-05-18
1151,128,2020-08-22,2021-11-17
1152,302,2020-11-04,2021-02-01
1153,248,2021-04-21,2021-04-30
1154,480,2020-01-22,2020-02-02
1155,343,2021-09-22,2021-11-13
1156,196,2020-08-28,2021-02-06
1157,277,2020-01-30,2020-06-30
1158,104,2019-04-28,2020-02-08
1158,178,2018-02-16,2020-03-27
1159,92,2017-11-13,2020-06-20
1160,187,2021-05-25,2021-12-07
1161,379,2021-01-12,2021-08-27
1162,367,2021-12-29,2021-12-31
1162,212,2021-12-31,2021-12-31
1163,130,2018-03-06,2018-05-29
1164,158,2021-11-03,2021-12-31
1165,375,2016-10-08,2017-12-03
1166,185,2021-12-29,2021-12-29
1166,267,2021-12-21,2021-12-24
1166,82,2021-12-13,2021-12-28
1167,130,2021-09-25,2021-10-31
1168,58,2021-01-08,2021-05-19
1169,7,2020-12-03,2021-08-05
1169,121,2021-03-19,2021-09-23
1170,498,2021-09-05,2021-11-08
1171,442,2019-04-19,2019-08-18
1172,193,2021-06-02,2021-08-02
1173,373,2018-01-27,2020-04-02
1174,484,2021-03-04,2021-10-07
1175,421,2021-04-19,2021-09-23
1176,112,2021-04-29,2021-10-19
1177,381,2019-12-02,2021-05-06
1178,42,2018-07-05,2021-02-02
1179,449,2021-08-02,2021-12-28
1180,487,2018-07-17,2021-06-17
1181,240,2017-12-01,2020-05-27
1181,92,2017-11-28,2021-06-22
1182,213,2021-08-17,2021-11-18
1183,63,2019-10-31,2020-04-03
1184,55,2021-05-06,2021-08-15
1185,51,2020-06-23,2020-09-16
1186,374,2021-10-13,2021-12-01
1187,110,2021-06-22,2021-11-24
1188,428,2019-08-09,2019-08-21
1188,216,2019-06-17,2019-07-10
1188,57,2019-11-16,2020-05-24
1189,350,2020-04-21,2021-02-14
1190,98,2021-12-18,2021-12-18
1191,132,2019-04-16,2021-12-22
1192,240,2019-05-18,2019-09-27
1192,417,2021-10-07,2021-11-14
1193,16,2021-12-06,2021-12-16
1194,68,2020-01-18,2020-06-28
1195,51,2021-12-28,2021-12-28
1196,466,2021-07-25,2021-11-18
1197,418,2020-01-13,2020-04-24
1198,106,2021-03-14,2021-12-22
1199,294,2019-10-05,2021-06-27
1200,91,2019-12-14,2021-11-05
1201,140,2021-03-30,2021-04-20
1201,353,2020-10-25,2021-12-20
1202,82,2020-04-16,2021-06-25
1203,82,2018-12-20,2021-09-15
1204,421,2021-08-07,2021-11-29
1205,406,2017-09-10,2018-06-14
1206,200,2021-02-14,2021-08-15
1206,326,2019-11-24,2020-06-19
1207,16,2018-05-28,2019-04-21
1208,94,2021-12-04,2021-12-04
1208,214,2021-09-27,2021-11-16
1209,263,2019-09-09,2019-09-24
1210,167,2020-08-03,2020-12-01
1210,378,2019-12-23,2021-09-29
1210,36,2021-07-15,2021-08-10
1211,339,2020-06-06,2021-02-19
1212,109,2016-11-19,2019-08-20
1212,200,2018-01-25,2019-06-22
1212,192,2021-10-01,2021-12-12
1213,294,2018-07-27,2018-12-07
1214,65,2020-01-23,2020-07-01
1215,264,2019-02-22,2021-01-22
1215,299,2019-06-23,2021-07-15
1216,216,2021-06-09,2021-12-30
1216,422,2018-02-26,2018-07-01
1217,148,2020-09-16,2021-08-22
1218,84,2019-11-07,2021-07-25
1219,247,2021-12-06,2021-12-29
1220,479,2021-12-30,2021-12-31
1221,205,2021-10-13,2021-10-20
1222,243,2020-08-02,2020-11-21
1223,198,2021-07-05,2021-12-12
1223,374,2021-09-30,2021-10-30
1224,361,2020-11-30,2021-01-23
1225,154,2018-05-25,2019-01-22
1225,21,2017-06-22,2020-09-27
1226,404,2018-07-20,2021-05-16
1227,135,2018-03-22,2020-06-13
1228,215,2019-10-04,2021-01-16
1229,342,2021-11-27,2021-12-29
1230,357,2021-10-05,2021-11-13
1230,14,2020-06-02,2021-12-31
1230,72,2021-09-04,2021-12-12
1230,490,2020-08-22,2021-02-18
1230,130,2021-12-23,2021-12-23
1231,194,2020-10-29,2021-08-09
1231,398,2020-06-22,2021-07-24
1232,254,2019-09-28,2020-10-20
1233,312,2021-05-31,2021-06-29
1234,136,2021-05-03,2021-06-15
1234,11,2020-06-04,2021-05-08
1234,78,2019-05-15,2021-09-08
1235,355,2018-08-24,2020-11-06
1236,468,2021-03-19,2021-05-01
1237,140,2016-09-07,2021-07-13
1237,35,2019-05-24,2019-07-24
1238,76,2021-12-15,2021-12-19
1239,447,2020-01-04,2020-07-31
1239,483,2020-08-17,2021-08-27
1240,288,2020-01-13,2020-01-14
1241,365,2021-11-30,2021-12-11
1242,63,2021-12-24,2021-12-31
1243,161,2021-11-13,2021-12-16
1244,349,2020-05-21,2020-06-23
1245,165,2021-06-20,2021-08-23
1245,443,2020-08-28,2021-04-08
1246,160,2021-11-14,2021-12-26
1247,296,2021-12-09,2021-12-20
1248,22,2018-02-03,2021-12-23
1249,337,2018-01-18,2021-01-20
1250,125,2020-03-30,2021-07-26
1251,404,2020-12-13,2021-10-29
1252,285,2017-12-21,2020-07-28
1253,494,2021-06-17,2021-10-17
1254,201,2021-08-01,2021-10-03
1255,52,2021-01-24,2021-09-01
1256,64,2021-12-24,2021-12-25
1257,262,2021-10-20,2021-11-30
1258,201,2019-11-24,2020-05-26
1259,383,2021-05-16,2021-10-10
1260,433,2019-12-23,2020-06-26
1261,40,2021-03-04,2021-06-11
1262,166,2021-09-15,2021-12-28
1263,300,2021-12-15,2021-12-24
1263,12,2021-10-24,2021-11-16
1263,402,2021-12-19,2021-12-27
1264,228,2021-06-30,2021-10-30
1264,101,2019-06-19,2020-10-31
1265,487,2019-05-31,2020-01-09
1266,383,2019-12-10,2021-02-09
1267,124,2018-09-18,2020-12-29
1268,17,2021-07-25,2021-10-19
1269,73,2020-09-02,2021-02-08
1270,290,2021-10-28,2021-11-14
1271,26,2021-07-19,2021-09-26
1271,447,2021-07-27,2021-09-13
1271,413,2019-05-16,2021-09-02
1271,425,2021-02-08,2021-04-30
1272,279,2021-06-01,2021-10-30
1272,5,2021-05-24,2021-12-08
1273,198,2020-04-13,2021-01-12
1273,213,2021-02-25,2021-06-27
1274,127,2019-01-19,2019-03-27
1275,446,2018-01-24,2018-11-26
1276,139,2018-05-25,2021-12-30
1277,21,2021-06-11,2021-12-05
1278,76,2018-04-15,2019-05-09
1279,161,2020-06-14,2021-01-23
1280,401,2021-01-04,2021-07-11
1281,289,2021-09-01,2021-11-01
1282,275,2021-06-23,2021-11-14
1283,226,2021-03-13,2021-04-03
1283,118,2020-01-18,2021-12-11
1283,74,2019-10-23,2021-03-25
1284,429,2018-12-29,2020-02-15
1285,138,2021-03-28,2021-07-25
1286,374,2021-12-31,2021-12-31
1287,67,2021-08-28,2021-11-29
1288,428,2020-09-22,2021-03-12
1288,454,2021-12-09,2021-12-25
1289,368,2016-11-25,2017-08-01
1290,396,2020-11-14,2021-12-12
1290,394,2020-09-18,2021-12-14
1291,66,2021-01-15,2021-05-23
1292,138,2021-11-12,2021-11-21
1293,154,2021-01-15,2021-04-16
1293,31,2018-09-24,2018-11-27
1294,383,2020-02-11,2021-11-11
1295,108,2021-10-21,2021-12-30
1296,132,2021-01-24,2021-02-28
1297,51,2021-02-25,2021-07-27
1298,390,2020-03-07,2021-10-27
1299,180,2021-11-25,2021-12-24
1300,297,2021-09-01,2021-10-24
1301,194,2020-09-23,2021-01-24
1301,141,2020-06-28,2021-09-29
1302,303,2021-08-10,2021-09-05
1303,170,2020-05-16,2020-11-09
1304,25,2021-04-14,2021-10-23
1305,35,2020-01-29,2020-05-20
1306,489,2021-10-23,2021-12-21
1307,292,2021-10-15,2021-11-03
1308,189,2018-05-02,2018-11-29
1309,445,2021-08-02,2021-09-06
1310,111,2021-03-12,2021-10-26
1311,29,2018-07-24,2020-01-20
1312,217,2021-09-24,2021-12-26
1313,133,2021-10-04,2021-10-16
1314,46,2021-09-19,2021-10-04
1315,492,2021-12-31,2021-12-31
1316,105,2021-06-16,2021-09-09
1316,188,2016-05-24,2017-08-12
1317,262,2021-11-14,2021-11-24
1318,221,2021-10-19,2021-12-14
1318,238,2021-07-10,2021-07-10
1319,82,2019-10-12,2020-04-26
1320,190,2021-07-14,2021-10-16
1321,103,2021-11-02,2021-11-05
1322,305,2021-12-12,2021-12-19
1323,425,2020-06-21,2021-11-23
1324,160,2020-04-21,2021-04-10
1325,273,2021-01-18,2021-10-02
1326,42,2021-12-26,2021-12-28
1327,275,2021-12-17,2021-12-23
1328,437,2021-11-09,2021-11-27
1329,120,2017-08-24,2020-08-14
1330,225,2021-09-06,2021-10-28
1331,456,2020-01-09,2021-03-02
1331,181,2019-06-06,2020-05-09
1332,464,2019-03-01,2021-07-06
1333,398,2019-12-08,2020-01-27
1334,222,2020-04-03,2021-01-19
1334,147,2020-02-15,2021-05-18
1335,259,2021-10-03,2021-10-12
1336,285,2020-09-16,2021-01-01
1337,163,2020-12-11,2021-11-13
1338,365,2021-01-18,2021-03-14
1339,182,2020-03-17,2020-10-06
1340,354,2021-04-04,2021-06-18
1341,5,2021-04-11,2021-06-18
1342,160,2021-06-30,2021-08-20
1343,197,2021-12-09,2021-12-16
1344,49,2019-12-22,2021-01-22
1345,228,2017-06-22,2020-05-26
1345,437,2020-05-09,2021-12-01
1346,476,2021-09-02,2021-12-17
1347,212,2018-07-14,2021-10-25
1348,432,2021-05-14,2021-12-21
1349,493,2020-08-28,2020-09-24
1350,285,2020-09-28,2021-09-07
1351,25,2021-07-26,2021-12-20
1352,472,2021-06-26,2021-09-14
1353,176,2019-05-14,2021-05-11
1354,171,2021-06-08,2021-11-07
1355,461,2020-04-21,2020-07-05
1356,337,2021-01-12,2021-02-28
1357,180,2021-03-25,2021-12-11
1358,332,2021-08-26,2021-12-30
1359,355,2021-07-30,2021-08-05
1360,164,2019-03-27,2020-03-22
1361,200,2019-03-20,2019-08-14
1361,333,2020-09-26,2021-07-16
1362,441,2020-11-12,2021-01-05
1363,407,2021-10-11,2021-10-31
1364,418,2020-04-19,2020-09-20
1365,70,2019-01-11,2021-02-12
1366,344,2017-06-21,2019-02-05
1366,387,2017-07-18,2021-11-28
1366,39,2017-10-21,2020-05-15
1367,318,2019-08-05,2021-12-06
1368,144,2021-10-06,2021-11-25
1369,231,2021-12-30,2021-12-31
1370,293,2021-09-28,2021-11-25
1371,199,2021-07-03,2021-12-17
1372,276,2021-04-08,2021-07-18
1373,103,2020-12-29,2021-09-03
1374,139,2021-08-30,2021-12-25
1375,318,2021-08-27,2021-09-01
1376,119,2021-11-10,2021-12-13
1377,215,2018-07-18,2021-07-12
1378,363,2021-06-28,2021-07-04
1379,382,2017-12-10,2019-10-25
1380,132,2021-08-11,2021-11-19
1381,448,2019-04-13,2019-04-23
1382,225,2018-07-31,2019-08-02
1383,96,2021-11-17,2021-12-09
1384,444,2017-02-20,2019-06-27
1385,198,2021-12-02,2021-12-16
1385,93,2021-05-16,2021-09-20
1386,329,2019-01-18,2021-11-25
1387,102,2020-03-19,2021-07-09
1387,45,2020-04-16,2021-05-06
1388,248,2021-05-13,2021-06-16
1389,33,2018-04-04,2021-12-01
1390,154,2018-10-14,2020-07-10
1390,294,2019-09-02,2019-09-29
1391,10,2020-04-27,2020-12-02
1392,379,2017-09-05,2020-10-29
1393,142,2021-12-10,2021-12-26
1394,439,2018-07-09,2019-01-04
1395,337,2020-09-14,2021-05-21
1396,200,2021-07-22,2021-12-01
1396,463,2021-12-26,2021-12-26
1396,323,2021-08-06,2021-09-12
1397,237,2018-11-02,2020-02-03
1398,82,2021-07-14,2021-11-26
1399,125,2020-09-17,2021-07-08
1400,236,2021-11-22,2021-11-23
1401,374,2018-05-10,2020-03-24
1402,435,2020-08-14,2021-03-25
1403,38,2021-12-29,2021-12-31
1404,175,2020-02-26,2021-04-10
1405,437,2018-12-10,2021-07-02
1406,243,2021-01-11,2021-05-26
1407,410,2019-07-20,2020-03-06
1408,169,2021-09-25,2021-12-17
1409,286,2020-12-31,2021-10-14
1410,56,2020-11-05,2021-02-03
1411,30,2019-03-15,2019-10-17
1412,218,2020-11-20,2021-10-15
1412,215,2018-08-29,2018-10-27
1413,223,2020-06-12,2021-06-12
1414,401,2021-12-31,2021-12-31
1415,444,2021-01-01,2021-09-09
1416,112,2017-05-12,2018-03-21
1417,279,2020-04-07,2020-10-14
1417,233,2020-06-27,2020-07-30
1417,184,2016-04-26,2021-05-01
1418,421,2021-05-28,2021-11-24
1419,235,2020-04-10,2021-11-03
1420,455,2021-07-08,2021-08-26
1420,82,2021-10-06,2021-11-29
1421,172,2019-07-22,2020-03-30
1422,134,2020-08-06,2021-12-04
1423,228,2017-02-17,2021-07-14
1423,412,2017-06-15,2021-09-05
1424,260,2021-12-22,2021-12-29
1425,207,2021-06-24,2021-06-26
1426,467,2019-08-20,2020-03-29
1427,364,2021-10-21,2021-12-21
1427,421,2021-10-22,2021-12-18
1428,337,2021-04-01,2021-04-27
1429,370,2019-06-08,2020-08-15
1430,77,2018-01-31,2019-03-25
1431,27,2021-10-13,2021-11-27
1432,300,2019-05-05,2021-10-19
1432,27,2020-09-19,2020-10-21
1433,313,2021-05-25,2021-06-23
1434,210,2021-02-21,2021-08-15
1435,352,2020-01-09,2020-10-04
1435,228,2020-08-09,2021-02-22
1435,10,2021-04-02,2021-09-07
1436,494,2020-12-15,2021-12-01
1437,178,2018-09-30,2020-01-03
1438,278,2021-08-28,2021-10-13
1438,112,2021-03-10,2021-04-13
1439,240,2021-09-23,2021-10-20
1439,402,2018-10-18,2021-01-07
1440,372,2018-12-30,2020-12-02
1441,347,2021-05-19,2021-05-23
1442,48,2021-12-15,2021-12-21
1443,158,2021-04-28,2021-12-08
1444,189,2021-12-28,2021-12-31
1445,324,2018-10-19,2021-10-27
1446,234,2020-05-22,2021-11-28
1446,367,2020-11-13,2021-04-17
1446,224,2020-02-07,2020-04-20
1447,32,2020-06-01,2021-10-18
1448,138,2021-05-08,2021-08-20
1449,192,2021-09-16,2021-11-05
1450,37,2021-12-16,2021-12-23
1451,1,2020-07-01,2021-04-12
1452,189,2021-06-08,2021-11-29
1453,183,2018-03-24,2019-11-14
1454,201,2021-04-24,2021-05-14
1455,103,2021-09-25,2021-11-19
1456,70,2020-11-15,2021-10-10
1457,4,2021-06-29,2021-10-25
1458,281,2021-01-21,2021-11-05
1459,229,2020-12-25,2021-03-10
1460,26,2021-02-08,2021-12-30
1460,318,2020-10-12,2021-05-07
1461,330,2020-11-25,2021-09-19
1462,249,2021-02-06,2021-05-16
1463,100,2021-12-08,2021-12-19
1464,364,2021-04-07,2021-07-18
1464,446,2021-08-24,2021-11-10
1465,310,2021-02-22,2021-10-16
1465,33,2021-07-14,2021-09-04
1466,130,2021-11-23,2021-12-01
1467,327,2021-12-18,2021-12-18
1467,232,2021-11-25,2021-12-11
1467,221,2021-11-27,2021-12-31
1467,217,2021-12-19,2021-12-21
1468,213,2021-09-13,2021-09-19
1469,131,2020-12-10,2021-04-09
1470,258,2020-02-01,2021-05-29
1471,275,2021-06-11,2021-08-24
1472,385,2020-03-01,2021-01-13
1473,449,2021-12-10,2021-12-13
1474,99,2021-11-07,2021-11-19
1475,283,2021-09-24,2021-12-02
1476,313,2021-06-27,2021-09-20
1477,428,2021-05-11,2021-09-25
1477,451,2021-08-18,2021-11-10
1478,362,2020-05-01,2021-02-08
1479,213,2021-11-17,2021-11-22
1480,191,2019-04-08,2021-08-21
1481,169,2021-02-14,2021-04-05
1482,16,2021-03-23,2021-03-29
1483,347,2021-06-09,2021-12-29
1484,165,2020-09-12,2021-09-19
1484,42,2019-06-07,2021-02-06
1485,357,2021-09-23,2021-10-11
1485,26,2019-11-24,2020-01-07
1485,113,2018-10-30,2021-05-20
1486,277,2018-05-16,2019-08-27
1487,31,2019-06-10,2021-09-05
1488,433,2017-09-05,2020-07-19
1489,271,2018-09-20,2019-05-02
1490,313,2020-09-03,2020-11-14
1491,127,2019-10-08,2021-03-15
1492,134,2019-09-19,2020-07-23
1493,52,2019-06-30,2021-01-31
1494,0,2021-11-03,2021-12-28
1495,30,2021-03-18,2021-06-27
1496,163,2020-07-23,2021-07-07
1497,398,2019-11-09,2019-12-02
1498,337,2021-11-16,2021-11-16
1499,468,2021-11-21,2021-12-07
1500,74,2021-06-04,2021-08-23
1501,278,2020-07-19,2021-09-15
1501,76,2020-02-17,2021-03-12
1502,121,2020-05-11,2020-07-21
1503,54,2021-08-13,2021-11-26
1504,58,2021-05-20,2021-06-12
1505,227,2021-03-23,2021-05-05
1506,350,2021-10-27,2021-11-11
1507,81,2021-01-29,2021-04-03
1508,256,2020-07-20,2021-07-16
1509,61,2019-03-04,2019-11-19
1510,183,2021-08-12,2021-12-26
1511,284,2021-06-13,2021-06-23
1512,292,2020-07-10,2021-04-29
1513,302,2016-02-27,2017-03-14
1514,249,2021-04-02,2021-07-31
1515,466,2020-05-25,2021-09-26
1516,432,2019-08-28,2020-07-17
1517,97,2021-08-30,2021-11-12
1518,369,2018-04-05,2020-03-24
1519,426,2021-07-09,2021-11-01
1520,238,2019-12-12,2021-02-18
1521,445,2021-10-09,2021-10-27
1522,184,2019-09-30,2019-10-12
1523,20,2020-09-16,2021-12-27
1524,174,2019-04-05,2020-06-18
1525,73,2021-06-02,2021-12-18
1526,262,2019-06-30,2021-07-03
1527,310,2021-06-25,2021-12-12
1527,168,2020-07-27,2021-04-20
1528,430,2020-08-11,2020-12-16
1528,286,2020-06-05,2020-11-24
1529,364,2021-10-30,2021-12-13
1529,275,2020-08-08,2021-12-20
1530,47,2018-03-12,2019-10-11
1531,495,2021-04-26,2021-12-23
1532,172,2021-02-27,2021-11-27
1533,372,2020-01-18,2021-06-25
1534,485,2020-07-25,2020-08-10
1535,16,2019-05-08,2021-04-20
1536,483,2021-07-28,2021-11-05
1537,49,2019-02-19,2019-12-23
1538,221,2020-11-19,2021-08-03
1538,144,2018-09-16,2018-11-06
1539,454,2021-03-24,2021-08-31
1540,322,2020-12-23,2021-10-26
1540,216,2020-11-12,2021-08-24
1540,13,2019-01-16,2019-11-18
1541,177,2021-12-21,2021-12-23
1542,3,2021-10-09,2021-11-25
1543,103,2018-08-25,2021-06-14
1544,234,2017-11-10,2020-12-01
1544,121,2021-07-12,2021-11-23
1545,49,2021-03-25,2021-10-26
1546,67,2021-11-18,2021-12-17
1547,160,2019-10-15,2020-09-01
1548,126,2016-11-15,2020-07-06
1549,59,2019-12-29,2021-02-23
1550,412,2020-08-16,2021-05-09
1551,250,2021-05-11,2021-05-12
1552,122,2018-09-23,2021-05-07
1553,200,2020-06-12,2021-05-03
1553,479,2021-02-06,2021-11-06
1554,279,2021-04-14,2021-08-02
1554,447,2020-04-29,2020-05-29
1554,416,2020-05-16,2021-02-08
1555,382,2020-01-01,2021-05-14
1556,305,2020-05-09,2021-02-28
1557,77,2021-09-24,2021-11-08
1558,458,2019-12-26,2021-01-05
1559,458,2021-01-30,2021-09-02
1560,160,2016-11-14,2020-07-27
1561,189,2021-11-25,2021-12-09
1562,470,2021-06-20,2021-08-18
1562,289,2021-02-06,2021-10-25
1563,218,2019-11-28,2021-11-09
1563,392,2019-08-06,2020-11-17
1564,11,2021-07-02,2021-10-16
1564,240,2020-08-25,2021-04-18
1564,40,2021-01-24,2021-12-07
1565,39,2018-06-28,2019-12-18
1566,192,2018-01-09,2019-10-30
1567,152,2021-03-08,2021-08-26
1568,156,2020-02-21,2020-04-12
1569,495,2021-11-12,2021-12-04
1570,35,2021-04-21,2021-07-19
1571,409,2020-05-02,2020-05-20
1572,390,2020-03-30,2020-07-29
1573,289,2018-04-19,2021-10-16
1574,200,2020-09-27,2020-11-19
1574,393,2017-05-11,2018-11-12
1575,76,2021-05-26,2021-06-07
1576,200,2021-12-26,2021-12-29
1576,33,2021-12-26,2021-12-26
1577,364,2021-05-01,2021-10-15
1577,78,2019-02-20,2020-05-14
1578,386,2020-03-11,2021-02-16
1579,3,2018-09-15,2020-12-18
1580,108,2019-11-26,2020-03-28
1581,499,2020-12-08,2021-04-09
1582,1,2020-05-18,2021-10-13
1583,36,2020-07-08,2021-07-10
1584,352,2019-07-06,2020-10-22
1584,224,2019-09-03,2021-05-02
1585,346,2021-11-12,2021-12-07
1586,8,2019-03-03,2021-02-16
1587,462,2019-03-23,2019-06-23
1587,174,2021-09-14,2021-11-10
1588,426,2018-10-25,2020-09-30
1589,339,2021-11-24,2021-12-20
1590,421,2018-03-27,2019-11-03
1591,290,2020-02-19,2021-01-13
1592,360,2021-06-24,2021-07-02
1593,45,2021-12-22,2021-12-23
1594,430,2021-07-14,2021-07-15
1594,261,2021-05-17,2021-09-13
1595,106,2017-03-30,2017-04-02
1596,494,2020-10-17,2020-11-19
1597,253,2021-12-11,2021-12-25
1598,402,2021-10-22,2021-12-06
1599,301,2019-10-14,2020-05-17
1600,243,2020-06-15,2021-08-24
1601,40,2018-03-05,2021-07-22
1602,20,2018-06-19,2018-10-16
1603,357,2021-07-15,2021-11-09
1603,172,2021-08-03,2021-09-11
1604,191,2017-03-14,2021-05-05
1605,21,2020-08-08,2020-10-09
1606,156,2018-10-03,2020-10-07
1607,77,2021-09-09,2021-12-04
1608,76,2020-05-22,2021-12-07
1609,23,2020-07-17,2021-09-09
1610,88,2016-12-18,2018-02-20
1611,186,2020-09-19,2021-08-12
1612,238,2021-11-24,2021-11-30
1613,307,2019-12-11,2021-04-10
1613,298,2021-10-02,2021-10-05
1614,446,2021-07-30,2021-11-14
1615,30,2018-04-14,2018-09-07
1616,244,2019-12-15,2021-11-10
1617,397,2019-09-17,2021-12-16
1618,241,2018-12-15,2021-05-05
1619,172,2021-04-25,2021-12-03
1620,73,2021-12-17,2021-12-26
1621,24,2021-07-17,2021-09-02
1622,133,2020-12-28,2021-09-23
1623,142,2018-11-20,2019-07-14
1624,18,2021-07-28,2021-10-14
1625,484,2021-12-15,2021-12-23
1626,171,2018-11-17,2020-05-18
1627,360,2020-12-01,2021-09-17
1628,79,2020-07-16,2020-07-22
1629,237,2016-01-14,2017-04-02
1630,315,2020-02-06,2021-09-03
1631,317,2018-07-16,2021-04-24
1632,77,2020-07-19,2020-12-10
1633,216,2017-10-26,2021-05-04
1633,46,2020-12-30,2021-10-11
1634,328,2021-08-17,2021-12-24
1635,223,2018-06-11,2019-08-13
1636,364,2019-12-09,2021-09-03
1636,435,2018-11-25,2019-01-27
1637,176,2020-04-14,2021-09-05
1638,391,2021-05-25,2021-09-27
1639,296,2018-11-08,2021-07-18
1640,365,2018-09-21,2020-11-08
1641,444,2021-11-04,2021-11-18
1642,123,2021-08-04,2021-09-21
1643,486,2021-10-10,2021-10-28
1644,320,2021-03-27,2021-05-10
1645,382,2021-08-25,2021-10-11
1646,107,2020-10-23,2021-08-29
1647,225,2021-10-28,2021-11-07
1648,67,2018-10-31,2020-06-24
1649,66,2021-07-26,2021-10-03
1650,93,2018-09-18,2021-06-04
1651,477,2019-07-05,2020-06-28
1652,302,2020-06-09,2020-07-05
1653,437,2021-12-15,2021-12-25
1654,275,2021-07-11,2021-09-01
1655,199,2021-09-06,2021-10-06
1656,254,2018-04-13,2018-06-24
1657,62,2021-09-04,2021-10-25
1657,396,2021-08-01,2021-08-16
1657,216,2019-12-08,2021-04-24
1657,139,2020-04-13,2020-04-19
1658,156,2018-10-09,2019-09-26
1659,450,2021-09-28,2021-12-31
1660,207,2018-10-13,2019-11-10
1661,232,2021-06-10,2021-12-30
1661,487,2020-11-24,2021-04-05
1662,272,2021-12-14,2021-12-18
1663,295,2021-10-16,2021-12-14
1664,381,2021-08-20,2021-09-03
1665,469,2020-12-24,2021-04-13
1666,293,2016-10-04,2018-12-14
1667,144,2019-02-11,2019-03-29
1668,89,2021-07-18,2021-09-19
1669,378,2019-06-06,2021-02-23
1669,59,2019-09-10,2020-07-13
1670,227,2017-03-29,2021-11-10
1671,247,2018-01-14,2019-12-20
1672,198,2021-03-23,2021-11-08
1672,235,2020-04-01,2021-12-30
1673,171,2019-05-26,2020-12-13
1674,91,2019-04-01,2019-04-26
1675,482,2021-11-14,2021-12-01
1676,467,2020-05-26,2021-06-02
1677,183,2021-06-18,2021-09-14
1678,328,2020-10-10,2020-10-21
1679,332,2021-10-27,2021-11-14
1680,302,2021-10-20,2021-12-31
1681,147,2020-08-31,2021-07-18
1682,74,2021-05-25,2021-10-24
1683,301,2021-08-07,2021-09-05
1684,129,2021-09-10,2021-12-02
1685,266,2020-11-24,2021-11-04
1686,147,2019-03-31,2020-04-26
1687,137,2017-09-17,2019-01-21
1687,391,2017-03-11,2019-10-01
1688,316,2020-01-26,2020-04-11
1689,341,2019-07-21,2020-08-12
1690,362,2019-04-21,2020-12-29
1691,321,2020-07-19,2021-08-28
1692,66,2021-12-24,2021-12-29
1693,470,2021-05-19,2021-12-14
1693,262,2021-10-24,2021-12-04
1694,109,2021-01-02,2021-07-01
1694,24,2017-11-08,2018-12-02
1695,179,2021-06-30,2021-08-18
1696,18,2018-09-15,2021-10-10
1697,41,2020-07-26,2021-05-13
1698,189,2021-04-13,2021-10-29
1699,483,2016-08-08,2020-11-08
1700,22,2021-07-13,2021-10-18
1701,439,2017-11-14,2019-08-31
1702,397,2019-05-08,2021-01-28
1703,157,2021-11-25,2021-11-26
1704,374,2017-12-03,2019-09-07
1705,234,2021-04-24,2021-05-27
1705,353,2018-12-14,2021-12-24
1706,10,2020-05-09,2020-05-31
1707,419,2020-10-04,2021-08-02
1707,196,2020-12-06,2021-09-03
1708,413,2020-09-15,2021-09-16
1708,413,2020-06-28,2021-06-08
1708,273,2020-10-06,2021-10-09
1709,213,2019-04-22,2021-10-20
1710,347,2016-12-24,2020-01-03
1711,184,2021-04-24,2021-08-21
1712,468,2019-10-16,2020-01-27
1713,163,2020-07-14,2020-09-27
1714,259,2021-10-17,2021-12-14
1715,238,2021-07-24,2021-11-23
1716,93,2017-08-02,2021-10-24
1717,404,2021-06-19,2021-12-06
1718,379,2017-06-07,2021-08-03
1719,131,2021-07-30,2021-09-17
1720,64,2020-12-29,2021-05-10
1721,237,2021-12-24,2021-12-30
1722,145,2018-08-14,2021-11-30
1723,19,2019-02-19,2020-09-01
1724,353,2021-05-10,2021-08-20
1725,141,2021-11-17,2021-12-26
1726,309,2020-12-10,2021-08-19
1727,395,2020-10-06,2020-12-19
1728,404,2021-02-27,2021-04-18
1729,392,2021-10-04,2021-10-17
1730,44,2021-08-18,2021-08-30
1731,148,2021-08-09,2021-09-15
1732,101,2017-12-11,2018-01-21
1733,196,2020-11-01,2021-11-01
1734,141,2018-03-15,2020-08-22
1735,243,2020-02-29,2020-04-08
1736,2,2017-08-22,2021-08-10
1737,233,2021-12-02,2021-12-08
1737,357,2021-12-02,2021-12-14
1737,370,2020-11-22,2021-07-14
1738,40,2021-08-21,2021-09-15
1739,333,2021-10-24,2021-11-28
1740,345,2021-11-17,2021-12-03
1741,367,2021-09-23,2021-10-12
1741,203,2021-09-24,2021-11-22
1742,6,2021-08-13,2021-10-11
1743,276,2021-03-15,2021-08-03
1744,274,2018-02-07,2021-05-18
1745,403,2018-04-02,2021-01-16
1746,437,2021-05-30,2021-11-03
1747,391,2019-08-12,2020-07-09
1748,34,2016-11-16,2020-06-05
1749,6,2020-04-08,2021-04-20
1750,401,2021-02-10,2021-10-27
1751,444,2021-12-01,2021-12-19
1752,439,2018-10-16,2020-08-12
1753,332,2021-09-19,2021-12-10
1754,440,2021-11-07,2021-11-25
1754,31,2018-10-14,2019-02-02
1755,36,2021-11-28,2021-12-04
1756,133,2021-07-13,2021-09-13
1757,41,2021-05-15,2021-09-05
1758,17,2021-06-27,2021-12-01
1759,173,2021-06-19,2021-10-30
1760,156,2020-07-20,2020-11-23
1761,427,2021-05-12,2021-06-30
1762,466,2020-05-18,2020-11-04
1763,55,2021-06-07,2021-08-05
1764,468,2021-02-03,2021-08-30
1765,76,2021-04-12,2021-08-13
1766,430,2017-06-30,2018-03-28
1766,417,2021-08-20,2021-10-20
1767,134,2018-05-25,2019-07-22
1768,72,2019-11-07,2020-05-06
1768,410,2017-10-11,2019-05-22
1769,38,2019-06-25,2020-11-15
1770,332,2020-04-09,2020-12-23
1771,290,2021-10-01,2021-12-23
1772,332,2020-08-06,2020-12-30
1773,479,2019-03-28,2021-12-15
1774,374,2020-10-28,2021-03-08
1775,431,2021-01-27,2021-03-29
1776,105,2021-08-21,2021-10-06
1776,292,2020-10-17,2021-11-27
1777,468,2021-09-08,2021-10-28
1778,336,2021-08-18,2021-09-07
1779,167,2019-01-01,2020-08-11
1779,352,2021-12-13,2021-12-15
1779,39,2020-06-12,2021-06-07
1780,306,2021-11-30,2021-12-06
1780,476,2021-03-08,2021-03-30
1781,141,2020-07-31,2020-11-25
1782,160,2021-02-25,2021-07-31
1783,88,2021-12-15,2021-12-17
1784,120,2019-04-06,2019-08-11
1785,123,2021-12-07,2021-12-11
1786,28,2021-04-10,2021-08-05
1787,223,2021-08-16,2021-09-18
1788,306,2021-11-04,2021-12-17
1788,151,2020-09-20,2021-06-09
1789,204,2018-12-03,2021-09-02
1789,74,2020-11-14,2021-06-04
1790,146,2020-07-16,2020-11-18
1791,187,2021-12-22,2021-12-23
1792,254,2019-06-10,2021-08-25
1793,166,2021-12-31,2021-12-31
1794,448,2021-11-25,2021-11-29
1795,123,2019-11-30,2021-01-04
1796,431,2020-07-19,2021-03-10
1797,365,2021-12-13,2021-12-14
1798,437,2018-02-17,2019-08-13
1799,244,2021-12-17,2021-12-29
1800,35,2018-11-23,2019-11-17
1801,145,2021-12-07,2021-12-13
1802,326,2021-06-07,2021-11-24
1803,141,2020-11-07,2021-01-23
1804,372,2020-05-27,2021-12-31
1805,496,2018-04-09,2018-10-14
1806,69,2020-12-05,2021-03-19
1806,471,2020-08-31,2021-03-02
1807,69,2020-09-13,2021-11-12
1807,245,2019-06-01,2021-07-11
1808,400,2019-02-21,2021-08-25
1809,117,2021-09-12,2021-12-18
1810,408,2020-08-28,2021-03-25
1811,284,2021-12-23,2021-12-23
1812,107,2020-03-10,2020-10-06
1813,241,2017-09-01,2021-12-03
1814,275,2020-11-11,2021-02-04
1815,290,2019-09-16,2021-07-30
1816,335,2019-09-16,2020-03-04
1817,132,2021-12-31,2021-12-31
1818,217,2020-10-16,2021-11-30
1819,73,2021-08-26,2021-12-22
1820,207,2020-03-07,2021-05-05
1821,3,2020-07-08,2021-05-30
1822,330,2021-11-24,2021-12-23
1823,66,2021-03-14,2021-06-10
1824,121,2019-06-26,2021-08-01
1825,114,2021-08-07,2021-11-15
1826,96,2019-08-17,2021-09-03
1827,310,2019-09-10,2019-09-12
1827,331,2019-06-15,2021-11-04
1828,470,2016-12-02,2018-02-04
1828,285,2017-09-09,2018-02-26
1829,41,2020-06-04,2021-02-01
1830,190,2021-11-15,2021-11-24
1831,13,2016-11-02,2017-03-30
1832,373,2018-01-26,2021-03-08
1833,360,2020-04-25,2021-12-25
1834,189,2021-12-30,2021-12-31
1835,185,2021-12-13,2021-12-28
1835,408,2021-08-09,2021-10-29
1836,444,2021-07-25,2021-10-09
1837,75,2019-08-15,2020-07-26
1838,265,2021-10-23,2021-10-23
1839,220,2021-02-28,2021-12-11
1840,452,2020-12-23,2021-06-02
1841,250,2021-03-11,2021-05-28
1842,169,2021-11-04,2021-12-30
1843,31,2021-09-20,2021-10-15
1844,465,2021-07-04,2021-11-26
1845,475,2021-02-10,2021-06-04
1846,305,2021-11-09,2021-12-12
1847,427,2021-03-31,2021-09-07
1848,281,2021-05-21,2021-09-26
1849,410,2021-04-20,2021-11-06
1850,65,2021-07-28,2021-10-22
1851,442,2021-04-16,2021-08-22
1852,184,2020-11-03,2021-07-21
1853,248,2021-10-27,2021-11-23
1854,364,2021-12-01,2021-12-01
1854,405,2020-11-21,2021-11-18
1855,391,2021-03-07,2021-08-10
1856,4,2020-10-09,2021-01-17
1857,150,2019-12-01,2020-12-05
1858,285,2020-03-29,2020-08-08
1859,235,2021-12-29,2021-12-31
1860,20,2019-03-02,2019-07-01
1861,213,2021-01-28,2021-08-11
1862,386,2021-12-22,2021-12-23
1863,103,2021-05-25,2021-08-04
1864,298,2021-04-17,2021-10-22
1865,116,2018-11-27,2020-12-13
1866,94,2021-07-13,2021-10-05
1866,116,2021-06-18,2021-08-02
1867,275,2021-12-21,2021-12-21
1868,223,2020-08-11,2020-09-09
1869,8,2021-08-03,2021-12-24
1870,2,2020-06-20,2020-09-01
1871,194,2021-10-14,2021-10-27
1871,475,2019-11-24,2021-02-03
1872,333,2020-04-07,2021-08-21
1873,147,2021-07-10,2021-09-19
1874,117,2020-06-19,2020-09-01
1875,274,2021-06-06,2021-12-12
1876,72,2021-10-27,2021-11-28
1876,381,2021-12-09,2021-12-30
1877,319,2021-09-14,2021-10-23
1878,19,2021-07-16,2021-08-28
1879,306,2021-04-03,2021-11-23
1879,240,2019-12-02,2020-02-14
1879,181,2018-09-03,2020-06-13
1880,355,2020-12-06,2021-05-01
1881,190,2021-09-27,2021-10-09
1882,471,2020-01-02,2021-12-20
1883,370,2021-12-26,2021-12-27
1884,134,2020-01-05,2021-09-11
1885,24,2021-02-12,2021-06-18
1886,67,2019-05-31,2021-04-22
1887,285,2021-07-26,2021-09-29
1888,263,2021-01-26,2021-03-05
1889,423,2019-11-12,2021-07-19
1890,176,2016-05-16,2016-11-25
1891,172,2018-08-20,2020-02-04
1892,486,2020-06-19,2020-12-28
1893,296,2021-03-05,2021-07-11
1894,212,2021-12-08,2021-12-22
1895,332,2017-01-27,2019-11-12
1896,376,2021-12-09,2021-12-20
1896,40,2021-12-29,2021-12-29
1897,27,2020-10-02,2021-07-26
1898,367,2017-05-20,2020-04-25
1898,36,2019-09-14,2020-06-02
1899,299,2020-03-02,2021-05-11
1900,343,2021-05-07,2021-10-31
1901,54,2021-10-21,2021-12-20
1902,207,2021-06-19,2021-08-20
1903,408,2021-08-04,2021-08-31
1904,432,2020-05-04,2021-10-14
1905,355,2020-03-23,2021-09-12
1906,354,2021-12-23,2021-12-27
1907,123,2019-02-10,2021-02-06
1908,342,2019-11-18,2019-12-10
1909,307,2020-03-20,2020-04-07
1909,82,2020-08-26,2020-11-20
1910,347,2019-12-16,2021-09-02
1911,268,2021-11-30,2021-12-14
1911,115,2021-05-24,2021-09-16
1912,211,2021-06-09,2021-08-08
1913,219,2021-01-05,2021-11-11
1914,478,2020-05-05,2020-05-10
1915,236,2020-07-02,2021-03-11
1916,351,2019-01-14,2020-10-18
1917,228,2021-06-08,2021-10-02
1917,216,2021-08-06,2021-11-26
1917,79,2021-07-28,2021-08-12
1918,275,2021-07-06,2021-12-20
1919,104,2021-08-02,2021-11-13
1919,221,2018-11-30,2020-09-12
1919,475,2020-08-16,2020-11-26
1920,181,2020-10-09,2021-12-19
1921,206,2020-04-13,2021-07-15
1922,270,2021-08-14,2021-08-30
1923,121,2016-11-26,2018-12-18
1924,470,2021-10-16,2021-11-04
1924,181,2021-12-26,2021-12-31
1925,317,2021-02-17,2021-02-27
1926,472,2021-08-26,2021-10-29
1927,469,2021-05-16,2021-09-30
1928,493,2021-04-01,2021-07-08
1929,445,2021-12-03,2021-12-28
1930,422,2021-12-16,2021-12-16
1931,404,2020-05-14,2021-04-25
1932,133,2020-11-14,2021-05-06
1933,22,2021-06-21,2021-06-23
1934,323,2020-08-06,2021-11-11
1935,461,2021-01-21,2021-10-25
1936,371,2021-09-20,2021-10-31
1937,449,2021-12-15,2021-12-23
1938,84,2020-05-20,2020-09-23
1939,116,2021-12-23,2021-12-31
1940,113,2020-12-18,2021-04-06
1941,416,2021-06-09,2021-07-25
1942,384,2019-11-27,2021-06-20
1943,373,2021-06-09,2021-08-07
1944,223,2019-02-14,2020-03-17
1945,308,2021-01-23,2021-09-21
1946,15,2017-12-31,2021-09-04
1946,276,2020-01-09,2020-01-30
1947,425,2021-09-27,2021-12-28
1948,148,2020-09-01,2021-01-23
1949,314,2019-08-22,2021-05-22
1950,316,2021-03-07,2021-04-05
1951,332,2021-11-05,2021-11-29
1952,391,2021-02-03,2021-03-01
1953,327,2019-10-23,2021-03-09
1953,275,2020-10-25,2021-01-09
1954,399,2021-10-25,2021-11-10
1955,457,2021-12-01,2021-12-08
1956,375,2021-04-26,2021-12-17
1957,145,2021-06-29,2021-10-25
1958,445,2019-07-11,2021-05-21
1959,259,2021-12-17,2021-12-23
1960,290,2019-04-13,2021-07-24
1961,228,2017-10-21,2019-11-26
1961,88,2017-11-28,2017-12-24
1962,105,2021-11-01,2021-11-05
1962,371,2021-05-16,2021-07-28
1963,303,2021-08-12,2021-11-15
1964,6,2018-04-13,2020-06-30
1965,390,2019-07-13,2021-12-22
1966,22,2018-01-29,2018-09-19
1967,27,2021-05-24,2021-12-21
1968,0,2021-08-28,2021-12-26
1969,20,2021-04-01,2021-12-11
1970,288,2019-12-05,2021-10-29
1971,169,2021-04-01,2021-06-27
1972,377,2020-11-01,2020-11-10
1973,379,2021-11-17,2021-12-04
1974,454,2017-01-22,2019-11-09
1975,224,2021-06-15,2021-10-27
1976,108,2021-11-18,2021-11-22
1977,497,2020-07-19,2021-09-30
1978,168,2020-06-21,2021-03-21
1979,483,2017-06-24,2017-08-08
1980,9,2021-11-01,2021-12-28
1981,41,2019-09-11,2019-09-24
1982,395,2020-06-07,2020-12-05
1983,294,2019-12-01,2021-02-15
1984,349,2020-10-02,2021-05-18
1985,122,2018-07-30,2019-04-28
1986,496,2020-11-13,2021-10-31
1987,487,2020-02-17,2020-04-09
1988,367,2021-09-18,2021-09-20
1988,272,2021-10-04,2021-10-08
1989,223,2021-08-12,2021-08-29
1990,84,2018-03-13,2019-11-14
1991,291,2020-02-16,2021-05-25
1991,308,2018-05-09,2021-06-22
1992,465,2020-05-13,2021-09-30
1993,66,2020-11-05,2021-01-27
1994,222,2018-09-13,2018-11-15
1994,409,2020-04-01,2021-02-09
1995,229,2021-09-30,2021-10-27
1996,475,2020-11-08,2021-08-30
1997,496,2021-07-24,2021-12-01
1998,183,2021-08-06,2021-12-06
1999,184,2021-10-12,2021-12-01
